initial_mass,initial_Z,blue_loop_start_age,blue_loop_end_age,calculated_blue_loop_duration,instability_start_age,instability_end_age,calculated_instability_duration
2.5,0.0015,445788085.5839581,470825386.0372651,25037300.4533,445788085.5839581,470825386.0372651,25037300.4533
3.0,0.0015,282808452.7963194,301507313.7637041,18698860.9674,282808452.7963194,301507313.7637041,18698860.9674
3.0,0.002,290011145.05798143,309083908.91813344,19072763.8602,290011145.05798143,309083908.91813344,19072763.8602
3.0,0.0025,293928074.15986854,315462292.90416723,21534218.7443,293928074.15986854,315462292.90416723,21534218.7443
3.0,0.003,298682882.32677746,319654694.7802662,20971812.4535,298682882.32677746,319654694.7802662,20971812.4535
3.5,0.0015,195373338.2259096,208368676.6194467,12995338.3935,195373338.2259096,208368676.6194467,12995338.3935
3.5,0.002,203650671.3537016,213626903.61061817,9976232.2569,203650671.3537016,213626903.61061817,9976232.2569
3.5,0.0025,208396674.4421536,218097948.8038056,9701274.3617,208396674.4421536,218097948.8038056,9701274.3617
3.5,0.003,211477039.94503823,222055681.66701055,10578641.722,211477039.94503823,222055681.66701055,10578641.722
3.5,0.0035,214580126.2531496,226177596.09408823,11597469.8409,214580126.2531496,226177596.09408823,11597469.8409
3.5,0.004,216991131.36101133,230086699.3020668,13095567.9411,216991131.36101133,230086699.3020668,13095567.9411
3.5,0.0045,219283256.65187117,232644199.4252855,13360942.7734,219283256.65187117,232644199.4252855,13360942.7734
3.5,0.005,221713979.1857047,235000638.3650006,13286659.1793,221713979.1857047,235000638.3650006,13286659.1793
3.5,0.0055,224321965.81051907,225623429.71126565,1301463.9007,224321965.81051907,225623429.71126565,1301463.9007
4.0,0.0015,142534394.15385938,152872422.32472953,10338028.1709,142534394.15385938,152872422.32472953,10338028.1709
4.0,0.002,148272165.38502884,156077195.8611125,7805030.4761,148272165.38502884,156077195.8611125,7805030.4761
4.0,0.0025,152947809.22719774,158430352.32965448,5482543.1025,152947809.22719774,158430352.32965448,5482543.1025
4.0,0.003,156790662.48628247,161233922.2674158,4443259.7811,156790662.48628247,161233922.2674158,4443259.7811
4.0,0.0035,159038147.2912524,165135868.17455402,6097720.8833,159038147.2912524,165135868.17455402,6097720.8833
4.0,0.004,160893556.0559276,167612946.23940602,6719390.1835,160893556.0559276,167612946.23940602,6719390.1835
4.0,0.0045,162327727.905363,169728944.47711498,7401216.5718,162327727.905363,169728944.47711498,7401216.5718
4.0,0.005,163621315.32759243,171767362.9085516,8146047.581,163621315.32759243,171767362.9085516,8146047.581
4.0,0.0055,165121313.11078683,173885585.34958538,8764272.2388,165121313.11078683,173885585.34958538,8764272.2388
4.0,0.006,166490503.6891164,175974114.6574015,9483610.9683,166490503.6891164,175974114.6574015,9483610.9683
4.0,0.0065,167939289.46744138,178004464.18904072,10065174.7216,167939289.46744138,178004464.18904072,10065174.7216
4.0,0.007,169761617.4160302,179807487.7487434,10045870.3327,169761617.4160302,179807487.7487434,10045870.3327
4.0,0.0075,171273753.6113581,181570789.59138185,10297035.98,171273753.6113581,181570789.59138185,10297035.98
4.0,0.008,173118736.6257774,182840929.85171428,9722193.2259,173118736.6257774,182840929.85171428,9722193.2259
4.0,0.0085,175034634.31311926,176230197.10416913,1195562.791,175034634.31311926,176230197.10416913,1195562.791
4.5,0.0015,108776219.53518526,117302721.12754412,8526501.5924,108776219.53518526,117302721.12754412,8526501.5924
4.5,0.002,112623121.72609869,119536902.012333,6913780.2862,112623121.72609869,119536902.012333,6913780.2862
4.5,0.0025,115948260.41547632,121298431.17932658,5350170.7639,115948260.41547632,121298431.17932658,5350170.7639
4.5,0.003,119012151.74953984,122694924.22816011,3682772.4786,119012151.74953984,122694924.22816011,3682772.4786
4.5,0.0035,122042989.81303456,124372319.28595152,2329329.4729,122042989.81303456,124372319.28595152,2329329.4729
4.5,0.004,123835802.92223608,126770288.96419355,2934486.042,123835802.92223608,126770288.96419355,2934486.042
4.5,0.0045,124768895.56753756,129026315.08975938,4257419.5222,124768895.56753756,129026315.08975938,4257419.5222
4.5,0.005,125375322.20549424,130456435.9276126,5081113.7221,125375322.20549424,130456435.9276126,5081113.7221
4.5,0.0055,126513270.31504764,131925547.01848756,5412276.7034,126513270.31504764,131925547.01848756,5412276.7034
4.5,0.006,127389989.64938956,133393813.29651415,6003823.6471,127389989.64938956,133393813.29651415,6003823.6471
4.5,0.0065,128359894.8070938,134823352.53090876,6463457.7238,128359894.8070938,134823352.53090876,6463457.7238
4.5,0.007,129356729.29524596,136296163.99247074,6939434.6972,129356729.29524596,136296163.99247074,6939434.6972
4.5,0.0075,130493796.73077434,137848015.469324,7354218.7385,130493796.73077434,137848015.469324,7354218.7385
4.5,0.008,131541398.35576274,139353264.81934318,7811866.4636,131541398.35576274,139353264.81934318,7811866.4636
4.5,0.0085,132691123.66704664,140865804.93158767,8174681.2645,132691123.66704664,140865804.93158767,8174681.2645
4.5,0.009,133910186.81320004,142265726.05870932,8355539.2455,133910186.81320004,142265726.05870932,8355539.2455
4.5,0.0095,135030697.57657197,143775744.73679328,8745047.1602,135030697.57657197,143775744.73679328,8745047.1602
4.5,0.01,136535416.90990734,144889933.1721652,8354516.2623,136535416.90990734,144889933.1721652,8354516.2623
4.5,0.0105,137501589.6321246,145883005.0987058,8381415.4666,137501589.6321246,145883005.0987058,8381415.4666
4.5,0.011,138356156.23469797,146708065.0890052,8351908.8543,138356156.23469797,146708065.0890052,8351908.8543
4.5,0.0115,139384931.32286453,147128970.9606694,7744039.6378,139384931.32286453,147128970.9606694,7744039.6378
4.5,0.012,140335921.6673582,147471288.25543955,7135366.5881,140335921.6673582,147471288.25543955,7135366.5881
4.5,0.0125,141391954.66244876,142345730.1263135,953775.4639,141391954.66244876,142345730.1263135,953775.4639
4.5,0.013,142498403.3219641,142867730.34504142,369327.0231,142498403.3219641,142867730.34504142,369327.0231
5.0,0.0015,86177196.00510639,93215669.8874406,7038473.8823,86177196.00510639,93215669.8874406,7038473.8823
5.0,0.002,88743463.88909468,94831381.7589322,6087917.8698,88743463.88909468,94831381.7589322,6087917.8698
5.0,0.0025,91007070.33964604,96072500.6226297,5065430.283,91007070.33964604,96072500.6226297,5065430.283
5.0,0.003,93235289.88705264,97221077.16280428,3985787.2758,93235289.88705264,97221077.16280428,3985787.2758
5.0,0.0035,95398924.95567966,98289258.0310979,2890333.0754,95398924.95567966,98289258.0310979,2890333.0754
5.0,0.004,97256956.96895072,99606922.1385153,2349965.1696,97256956.96895072,99606922.1385153,2349965.1696
5.0,0.0045,98451730.75343303,100785129.83805954,2333399.0846,98451730.75343303,100785129.83805954,2333399.0846
5.0,0.005,99003479.46520944,102490194.5364064,3486715.0712,99003479.46520944,102490194.5364064,3486715.0712
5.0,0.0055,99727783.77068734,103574730.70112564,3846946.9304,99727783.77068734,103574730.70112564,3846946.9304
5.0,0.006,100387362.60913156,104613932.73078012,4226570.1216,100387362.60913156,104613932.73078012,4226570.1216
5.0,0.0065,101057542.68319468,105689818.13776128,4632275.4546,101057542.68319468,105689818.13776128,4632275.4546
5.0,0.007,101779404.54827744,106797010.68125264,5017606.133,101779404.54827744,106797010.68125264,5017606.133
5.0,0.0075,102517552.3232796,107874519.43722495,5356967.1139,102517552.3232796,107874519.43722495,5356967.1139
5.0,0.008,103247499.41130432,108920890.2664137,5673390.8551,103247499.41130432,108920890.2664137,5673390.8551
5.0,0.0085,104050675.44745047,109983673.86831696,5932998.4209,104050675.44745047,109983673.86831696,5932998.4209
5.0,0.009,104830213.4312664,111084497.03598872,6254283.6047,104830213.4312664,111084497.03598872,6254283.6047
5.0,0.0095,105673965.60728768,112201646.30538727,6527680.6981,105673965.60728768,112201646.30538727,6527680.6981
5.0,0.01,106596087.59929924,113271053.40305698,6674965.8038,106596087.59929924,113271053.40305698,6674965.8038
5.0,0.0105,107175807.10545865,114193491.5468708,7017684.4414,107175807.10545865,114193491.5468708,7017684.4414
5.0,0.011,107797128.72940356,114860400.33341034,7063271.604,107797128.72940356,114860400.33341034,7063271.604
5.0,0.0115,108534552.3223959,115589839.75506862,7055287.4327,108534552.3223959,115589839.75506862,7055287.4327
5.0,0.012,109168928.84079376,116340315.36641169,7171386.5256,109168928.84079376,116340315.36641169,7171386.5256
5.0,0.0125,109825676.87310728,117119510.16222298,7293833.2891,109825676.87310728,117119510.16222298,7293833.2891
5.0,0.013,110467369.52764717,117842371.9236248,7375002.396,110467369.52764717,117842371.9236248,7375002.396
5.0,0.0135,111247219.67352828,118526073.39418088,7278853.7207,111247219.67352828,118526073.39418088,7278853.7207
5.0,0.014,111835063.5093018,119349048.72959743,7513985.2203,111835063.5093018,119349048.72959743,7513985.2203
5.0,0.0145,112642986.99283576,119911094.12521452,7268107.1324,112642986.99283576,119911094.12521452,7268107.1324
5.0,0.015,113316724.36369208,120571682.18254384,7254957.8189,113316724.36369208,120571682.18254384,7254957.8189
5.0,0.0155,114046126.48898466,121179409.2195484,7133282.7306,114046126.48898466,121179409.2195484,7133282.7306
5.0,0.016,114864919.22378492,121623864.61528872,6758945.3915,114864919.22378492,121623864.61528872,6758945.3915
5.0,0.0165,115611842.6003312,122024545.21829994,6412702.618,115611842.6003312,122024545.21829994,6412702.618
5.0,0.017,116319444.87494063,122288754.7639362,5969309.889,116319444.87494063,122288754.7639362,5969309.889
5.0,0.0175,117176648.65491983,118001102.18311016,824453.5282,117176648.65491983,118001102.18311016,824453.5282
5.0,0.018,117971604.07404935,118450643.0203315,479038.9463,117971604.07404935,118450643.0203315,479038.9463
5.5,0.0015,70255591.41182366,76132960.70409821,5877369.2923,70255591.41182366,76132960.70409821,5877369.2923
5.5,0.002,72161285.90026799,77342346.04053798,5181060.1403,72161285.90026799,77342346.04053798,5181060.1403
5.5,0.0025,73743817.51439753,78241635.6282983,4497818.1139,73743817.51439753,78241635.6282983,4497818.1139
5.5,0.003,75351574.29353946,79135160.34110104,3783586.0476,75351574.29353946,79135160.34110104,3783586.0476
5.5,0.0035,76920564.73562501,79980494.64834327,3059929.9127,76920564.73562501,79980494.64834327,3059929.9127
5.5,0.004,78404035.0025383,80796049.21687679,2392014.2143,78404035.0025383,80796049.21687679,2392014.2143
5.5,0.0045,79273692.54436287,81735958.55264822,2462266.0083,79273692.54436287,81735958.55264822,2462266.0083
5.5,0.005,80055151.83241583,82643817.29913394,2588665.4667,80055151.83241583,82643817.29913394,2588665.4667
5.5,0.0055,80638354.49789385,83596562.12961598,2958207.6317,80638354.49789385,83596562.12961598,2958207.6317
5.5,0.006,81165313.34480877,84481669.65039007,3316356.3056,81165313.34480877,84481669.65039007,3316356.3056
5.5,0.0065,81680956.08717473,85200410.10193501,3519454.0148,81680956.08717473,85200410.10193501,3519454.0148
5.5,0.007,82191979.46361527,85991177.9676066,3799198.504,82191979.46361527,85991177.9676066,3799198.504
5.5,0.0075,82700289.93888755,86822738.56039408,4122448.6215,82700289.93888755,86822738.56039408,4122448.6215
5.5,0.008,83244523.59870818,87624430.2058688,4379906.6072,83244523.59870818,87624430.2058688,4379906.6072
5.5,0.0085,83825066.75567152,88377718.95659146,4552652.2009,83825066.75567152,88377718.95659146,4552652.2009
5.5,0.009,84323638.54754241,89212882.74964568,4889244.2021,84323638.54754241,89212882.74964568,4889244.2021
5.5,0.0095,85009329.12903568,90027737.69254328,5018408.5635,85009329.12903568,90027737.69254328,5018408.5635
5.5,0.01,85620260.19878717,90827692.21268044,5207432.0139,85620260.19878717,90827692.21268044,5207432.0139
5.5,0.0105,86069444.41714977,91429426.18124354,5359981.7641,86069444.41714977,91429426.18124354,5359981.7641
5.5,0.011,86522022.7032124,91982915.61906505,5460892.9159,86522022.7032124,91982915.61906505,5460892.9159
5.5,0.0115,86947388.0054595,92548026.50942002,5600638.504,86947388.0054595,92548026.50942002,5600638.504
5.5,0.012,87363288.01770075,93153849.1422995,5790561.1246,87363288.01770075,93153849.1422995,5790561.1246
5.5,0.0125,87837196.34607568,93749878.19805214,5912681.852,87837196.34607568,93749878.19805214,5912681.852
5.5,0.013,88370685.95755832,94293167.9586642,5922482.0011,88370685.95755832,94293167.9586642,5922482.0011
5.5,0.0135,88876168.07708307,94880252.90810949,6004084.831,88876168.07708307,94880252.90810949,6004084.831
5.5,0.014,89368483.07927023,95473685.77425084,6105202.695,89368483.07927023,95473685.77425084,6105202.695
5.5,0.0145,89806975.25537708,96039107.72605132,6232132.4707,89806975.25537708,96039107.72605132,6232132.4707
5.5,0.015,90372171.5687134,96588970.31380814,6216798.7451,90372171.5687134,96588970.31380814,6216798.7451
5.5,0.0155,90873659.69098566,97155909.85553592,6282250.1646,90873659.69098566,97155909.85553592,6282250.1646
5.5,0.016,91348772.10738017,97779804.34488006,6431032.2375,91348772.10738017,97779804.34488006,6431032.2375
5.5,0.0165,91905392.75470014,98281590.70649968,6376197.9518,91905392.75470014,98281590.70649968,6376197.9518
5.5,0.017,92472864.49226436,98795350.67259136,6322486.1803,92472864.49226436,98795350.67259136,6322486.1803
5.5,0.0175,93039803.65465048,99345514.32282355,6305710.6682,93039803.65465048,99345514.32282355,6305710.6682
5.5,0.018,93606549.80551083,99799445.42245176,6192895.6169,93606549.80551083,99799445.42245176,6192895.6169
5.5,0.0185,94164272.37128682,100399820.215427,6235547.8441,94164272.37128682,100399820.215427,6235547.8441
5.5,0.019,94717725.5459842,100822826.22175932,6105100.6758,94717725.5459842,100822826.22175932,6105100.6758
5.5,0.0195,95279668.364616,101263503.41875029,5983835.0541,95279668.364616,101263503.41875029,5983835.0541
5.5,0.02,95832135.47526357,101745631.47914071,5913496.0039,95832135.47526357,101745631.47914071,5913496.0039
6.0,0.0015,58724421.05256638,63597628.022138655,4873206.9696,58724421.05256638,63597628.022138655,4873206.9696
6.0,0.002,60144019.08063392,64579537.82356609,4435518.7429,60144019.08063392,64579537.82356609,4435518.7429
6.0,0.0025,61343850.76297514,65274044.35965405,3930193.5967,61343850.76297514,65274044.35965405,3930193.5967
6.0,0.003,62525121.75729433,65922910.64102071,3397788.8837,62525121.75729433,65922910.64102071,3397788.8837
6.0,0.0035,63703739.84178926,66572746.39413632,2869006.5523,63703739.84178926,66572746.39413632,2869006.5523
6.0,0.004,64795139.94132001,67231520.52480201,2436380.5835,64795139.94132001,67231520.52480201,2436380.5835
6.0,0.0045,65573770.79975469,67824353.16081104,2250582.3611,65573770.79975469,67824353.16081104,2250582.3611
6.0,0.005,66125003.16707629,68492310.75629662,2367307.5892,66125003.16707629,68492310.75629662,2367307.5892
6.0,0.0055,66627129.72068472,69191552.58906716,2564422.8684,66627129.72068472,69191552.58906716,2564422.8684
6.0,0.006,67088955.332165726,69867627.43097526,2778672.0988,67088955.332165726,69867627.43097526,2778672.0988
6.0,0.0065,67526142.97867416,70433895.54176597,2907752.5631,67526142.97867416,70433895.54176597,2907752.5631
6.0,0.007,67901383.48628397,70983980.57460432,3082597.0883,67901383.48628397,70983980.57460432,3082597.0883
6.0,0.0075,68290452.3809922,71566589.93136093,3276137.5504,68290452.3809922,71566589.93136093,3276137.5504
6.0,0.008,68718286.04967734,72165491.57784064,3447205.5282,68718286.04967734,72165491.57784064,3447205.5282
6.0,0.0085,69088408.40514158,72748202.99091354,3659794.5858,69088408.40514158,72748202.99091354,3659794.5858
6.0,0.009,69514343.09376737,73356931.60453728,3842588.5108,69514343.09376737,73356931.60453728,3842588.5108
6.0,0.0095,69944539.10054238,73965168.21842465,4020629.1179,69944539.10054238,73965168.21842465,4020629.1179
6.0,0.01,70447974.8652486,74592542.70209146,4144567.8368,70447974.8652486,74592542.70209146,4144567.8368
6.0,0.0105,70821446.64344239,75039596.39649948,4218149.7531,70821446.64344239,75039596.39649948,4218149.7531
6.0,0.011,71100187.92647363,75497707.10708795,4397519.1806,71100187.92647363,75497707.10708795,4397519.1806
6.0,0.0115,71422812.90876785,75927839.83146715,4505026.9227,71422812.90876785,75927839.83146715,4505026.9227
6.0,0.012,71702441.79982102,76366446.871092,4664005.0713,71702441.79982102,76366446.871092,4664005.0713
6.0,0.0125,72070638.29477908,76786689.39777389,4716051.103,72070638.29477908,76786689.39777389,4716051.103
6.0,0.013,72394221.93391429,77213139.37372237,4818917.4398,72394221.93391429,77213139.37372237,4818917.4398
6.0,0.0135,72786350.1013837,77625471.24158262,4839121.1402,72786350.1013837,77625471.24158262,4839121.1402
6.0,0.014,73131101.21395777,78068020.15482478,4936918.9409,73131101.21395777,78068020.15482478,4936918.9409
6.0,0.0145,73524774.11714327,78491862.48845175,4967088.3713,73524774.11714327,78491862.48845175,4967088.3713
6.0,0.015,73864666.76665542,78940295.33632866,5075628.5697,73864666.76665542,78940295.33632866,5075628.5697
6.0,0.0155,74233606.30850865,79379048.8482919,5145442.5398,74233606.30850865,79379048.8482919,5145442.5398
6.0,0.016,74598539.55556412,79834705.52802847,5236165.9725,74598539.55556412,79834705.52802847,5236165.9725
6.0,0.0165,74994108.20525315,80251955.70306806,5257847.4978,74994108.20525315,80251955.70306806,5257847.4978
6.0,0.017,75385394.56829853,80682938.70287608,5297544.1346,75385394.56829853,80682938.70287608,5297544.1346
6.0,0.0175,75804306.56809863,81091024.6490668,5286718.081,75804306.56809863,81091024.6490668,5286718.081
6.0,0.018,76195082.88005105,81565743.89865065,5370661.0186,76195082.88005105,81565743.89865065,5370661.0186
6.0,0.0185,76580216.28364006,81986302.91366474,5406086.63,76580216.28364006,81986302.91366474,5406086.63
6.0,0.019,77050647.71379207,82391580.09379384,5340932.38,77050647.71379207,82391580.09379384,5340932.38
6.0,0.0195,77438507.2076879,82812212.31858584,5373705.1109,77438507.2076879,82812212.31858584,5373705.1109
6.0,0.02,77823283.00659044,83232242.35634162,5408959.3498,77823283.00659044,83232242.35634162,5408959.3498
6.5,0.0015,50031679.328884825,50064956.49125001,33277.1624,50031679.328884825,50064956.49125001,33277.1624
6.5,0.002,51153852.73142638,54853322.27978192,3699469.5484,51153852.73142638,54853322.27978192,3699469.5484
6.5,0.0025,52083714.35033602,55421944.19607216,3338229.8457,52083714.35033602,55421944.19607216,3338229.8457
6.5,0.003,53013596.96074053,55932478.05638609,2918881.0956,53013596.96074053,55932478.05638609,2918881.0956
6.5,0.0035,53924993.84223113,56447805.66760541,2522811.8254,53924993.84223113,56447805.66760541,2522811.8254
6.5,0.004,54767004.27849877,56970845.05771623,2203840.7792,54767004.27849877,56970845.05771623,2203840.7792
6.5,0.0045,55350127.407533,57395700.25691488,2045572.8494,55350127.407533,57395700.25691488,2045572.8494
6.5,0.005,55860676.02429209,57864032.4105288,2003356.3862,55860676.02429209,57864032.4105288,2003356.3862
6.5,0.0055,56236862.662756406,58426834.792953685,2189972.1302,56236862.662756406,58426834.792953685,2189972.1302
6.5,0.006,56558443.07469855,58875283.46202714,2316840.3873,56558443.07469855,58875283.46202714,2316840.3873
6.5,0.0065,56905612.05039922,59390800.3728004,2485188.3224,56905612.05039922,59390800.3728004,2485188.3224
6.5,0.007,57243075.61440532,59836046.1713255,2592970.5569,57243075.61440532,59836046.1713255,2592970.5569
6.5,0.0075,57547880.12453226,60276690.23357201,2728810.109,57547880.12453226,60276690.23357201,2728810.109
6.5,0.008,57866850.82708943,60748277.70546357,2881426.8784,57866850.82708943,60748277.70546357,2881426.8784
6.5,0.0085,58148810.80457874,61221667.82167142,3072857.0171,58148810.80457874,61221667.82167142,3072857.0171
6.5,0.009,58494411.81825266,61669796.398064025,3175384.5798,58494411.81825266,61669796.398064025,3175384.5798
6.5,0.0095,58780560.63002341,62085506.10285502,3304945.4728,58780560.63002341,62085506.10285502,3304945.4728
6.5,0.01,59165507.06887215,62561497.383246094,3395990.3144,59165507.06887215,62561497.383246094,3395990.3144
6.5,0.0105,59406794.06642655,62921354.02863345,3514559.9622,59406794.06642655,62921354.02863345,3514559.9622
6.5,0.011,59629350.726151854,63252425.054624826,3623074.3285,59629350.726151854,63252425.054624826,3623074.3285
6.5,0.0115,59853607.85089679,63600373.834409565,3746765.9835,59853607.85089679,63600373.834409565,3746765.9835
6.5,0.012,60101467.73309746,63932895.9056365,3831428.1725,60101467.73309746,63932895.9056365,3831428.1725
6.5,0.0125,60339529.21758098,64281259.10603541,3941729.8885,60339529.21758098,64281259.10603541,3941729.8885
6.5,0.013,60627691.534086086,64585741.574184224,3958050.0401,60627691.534086086,64585741.574184224,3958050.0401
6.5,0.0135,60870827.10125267,64911535.95361908,4040708.8524,60870827.10125267,64911535.95361908,4040708.8524
6.5,0.014,61146827.37309234,65187042.45507893,4040215.082,61146827.37309234,65187042.45507893,4040215.082
6.5,0.0145,61417034.80990009,65551069.94293914,4134035.133,61417034.80990009,65551069.94293914,4134035.133
6.5,0.015,61686211.96126751,65847875.12037262,4161663.1591,61686211.96126751,65847875.12037262,4161663.1591
6.5,0.0155,61968508.88860752,66156178.76054526,4187669.8719,61968508.88860752,66156178.76054526,4187669.8719
6.5,0.016,62254807.44615468,66441878.391457446,4187070.9453,62254807.44615468,66441878.391457446,4187070.9453
6.5,0.0165,62537979.72408579,66771309.86547236,4233330.1414,62537979.72408579,66771309.86547236,4233330.1414
6.5,0.017,62809603.51001634,67116051.99627784,4306448.4863,62809603.51001634,67116051.99627784,4306448.4863
6.5,0.0175,63078321.974793404,67442358.51639387,4364036.5416,63078321.974793404,67442358.51639387,4364036.5416
6.5,0.018,63385927.34801266,67806407.00064117,4420479.6526,63385927.34801266,67806407.00064117,4420479.6526
6.5,0.0185,63714399.19605953,68145919.77325265,4431520.5772,63714399.19605953,68145919.77325265,4431520.5772
6.5,0.019,64034762.86023686,68450343.18824881,4415580.328,64034762.86023686,68450343.18824881,4415580.328
6.5,0.0195,64327184.899248,68802552.6206045,4475367.7214,64327184.899248,68802552.6206045,4475367.7214
6.5,0.02,64654674.89811819,69116017.2121364,4461342.314,64654674.89811819,69116017.2121364,4461342.314
7.0,0.0015,43355106.98780093,43376624.73797468,21517.7502,43355106.98780093,43376624.73797468,21517.7502
7.0,0.002,44235817.3187528,47374985.2885553,3139167.9698,44235817.3187528,47374985.2885553,3139167.9698
7.0,0.0025,44982790.67144416,47796842.78113523,2814052.1097,44982790.67144416,47796842.78113523,2814052.1097
7.0,0.003,45735547.03629088,48195094.50818349,2459547.4719,45735547.03629088,48195094.50818349,2459547.4719
7.0,0.0035,46465007.54031781,48624909.75820662,2159902.2179,46465007.54031781,48624909.75820662,2159902.2179
7.0,0.004,47125626.60663616,49027342.38714124,1901715.7805,47125626.60663616,49027342.38714124,1901715.7805
7.0,0.0045,47592278.40505902,49350406.4102853,1758128.0052,47592278.40505902,49350406.4102853,1758128.0052
7.0,0.005,47978146.64939775,49750359.43451053,1772212.7851,47978146.64939775,49750359.43451053,1772212.7851
7.0,0.0055,48285208.652202114,50145974.51822319,1860765.866,48285208.652202114,50145974.51822319,1860765.866
7.0,0.006,48611313.45356166,50562941.08418615,1951627.6306,48611313.45356166,50562941.08418615,1951627.6306
7.0,0.0065,48825927.66048133,50884986.16176797,2059058.5013,48825927.66048133,50884986.16176797,2059058.5013
7.0,0.007,49095256.53195073,51193640.86185696,2098384.3299,49095256.53195073,51193640.86185696,2098384.3299
7.0,0.0075,49336028.43300477,51551723.99690558,2215695.5639,49336028.43300477,51551723.99690558,2215695.5639
7.0,0.008,49542725.15454247,51925668.421350025,2382943.2668,49542725.15454247,51925668.421350025,2382943.2668
7.0,0.0085,49787239.17381556,52258993.35285885,2471754.179,49787239.17381556,52258993.35285885,2471754.179
7.0,0.009,50025091.62973712,52622393.00934703,2597301.3796,50025091.62973712,52622393.00934703,2597301.3796
7.0,0.0095,50281936.03761474,52997547.37125942,2715611.3336,50281936.03761474,52997547.37125942,2715611.3336
7.0,0.01,50533217.097846106,53355431.34066472,2822214.2428,50533217.097846106,53355431.34066472,2822214.2428
7.0,0.0105,50737671.28971681,53621588.06458856,2883916.7749,50737671.28971681,53621588.06458856,2883916.7749
7.0,0.011,50906390.74579174,53827977.5406389,2921586.7948,50906390.74579174,53827977.5406389,2921586.7948
7.0,0.0115,51097220.883204594,54099764.44430675,3002543.5611,51097220.883204594,54099764.44430675,3002543.5611
7.0,0.012,51298856.17561041,54351050.59941929,3052194.4238,51298856.17561041,54351050.59941929,3052194.4238
7.0,0.0125,51444632.339769416,54637894.71967084,3193262.3799,51444632.339769416,54637894.71967084,3193262.3799
7.0,0.013,51653925.91337379,54875973.968712114,3222048.0553,51653925.91337379,54875973.968712114,3222048.0553
7.0,0.0135,51856550.40165343,55102803.40542158,3246253.0038,51856550.40165343,55102803.40542158,3246253.0038
7.0,0.014,52055298.37006934,55372025.792012215,3316727.4219,52055298.37006934,55372025.792012215,3316727.4219
7.0,0.0145,52255632.53280698,55665586.81941149,3409954.2866,52255632.53280698,55665586.81941149,3409954.2866
7.0,0.015,52473708.031295925,55906912.73908539,3433204.7078,52473708.031295925,55906912.73908539,3433204.7078
7.0,0.0155,52672847.15463812,56165182.79120332,3492335.6366,52672847.15463812,56165182.79120332,3492335.6366
7.0,0.016,52879238.83414639,56377958.20945368,3498719.3753,52879238.83414639,56377958.20945368,3498719.3753
7.0,0.0165,53090126.67669617,56655124.58106992,3564997.9044,53090126.67669617,56655124.58106992,3564997.9044
7.0,0.017,53327158.81414521,56857938.82201848,3530780.0079,53327158.81414521,56857938.82201848,3530780.0079
7.0,0.0175,53524698.16661124,57102025.475625634,3577327.309,53524698.16661124,57102025.475625634,3577327.309
7.0,0.018,53786659.093351535,57330949.29486861,3544290.2015,53786659.093351535,57330949.29486861,3544290.2015
7.0,0.0185,53991112.2294879,57595117.23930327,3604005.0098,53991112.2294879,57595117.23930327,3604005.0098
7.0,0.019,54205976.33619291,57839597.60077865,3633621.2646,54205976.33619291,57839597.60077865,3633621.2646
7.0,0.0195,54439644.40313092,58102685.64145103,3663041.2383,54439644.40313092,58102685.64145103,3663041.2383
7.0,0.02,54688179.46168455,58371602.30216051,3683422.8405,54688179.46168455,58371602.30216051,3683422.8405
7.5,0.0015,38073934.298528105,38087696.328298576,13762.0298,38073934.298528105,38087696.328298576,13762.0298
7.5,0.002,38802368.43315558,41498812.92696935,2696444.4938,38802368.43315558,41498812.92696935,2696444.4938
7.5,0.0025,39413314.21524091,41822255.82646134,2408941.6112,39413314.21524091,41822255.82646134,2408941.6112
7.5,0.003,40030135.48422999,42117634.83443421,2087499.3502,40030135.48422999,42117634.83443421,2087499.3502
7.5,0.0035,40627815.5341431,42477017.37203805,1849201.8379,40627815.5341431,42477017.37203805,1849201.8379
7.5,0.004,41190393.70656551,42802924.1998748,1612530.4933,41190393.70656551,42802924.1998748,1612530.4933
7.5,0.0045,41592122.13504023,43062226.16392773,1470104.0289,41592122.13504023,43062226.16392773,1470104.0289
7.5,0.005,41868539.72769102,43374786.10401183,1506246.3763,41868539.72769102,43374786.10401183,1506246.3763
7.5,0.0055,42125572.387110405,43636866.98770447,1511294.6006,42125572.387110405,43636866.98770447,1511294.6006
7.5,0.006,42322020.01736108,43984350.575359486,1662330.558,42322020.01736108,43984350.575359486,1662330.558
7.5,0.0065,42507194.88477067,42531490.55411986,24295.6693,42507194.88477067,42531490.55411986,24295.6693
7.5,0.007,42742975.08155761,44543462.11839842,1800487.0368,42742975.08155761,44543462.11839842,1800487.0368
7.5,0.0075,42906256.78869605,44764155.883752495,1857899.0951,42906256.78869605,44764155.883752495,1857899.0951
7.5,0.008,43108073.67450876,45046192.53103002,1938118.8565,43108073.67450876,45046192.53103002,1938118.8565
7.5,0.0085,43250675.520487,45307159.986463815,2056484.466,43250675.520487,45307159.986463815,2056484.466
7.5,0.009,43453368.9601004,45606279.48218413,2152910.5221,43453368.9601004,45606279.48218413,2152910.5221
7.5,0.0095,43660049.456058495,45869784.65976016,2209735.2037,43660049.456058495,45869784.65976016,2209735.2037
7.5,0.01,43862884.02190661,46171668.86625587,2308784.8443,43862884.02190661,46171668.86625587,2308784.8443
7.5,0.0105,43994199.26312707,46395563.38456243,2401364.1214,43994199.26312707,46395563.38456243,2401364.1214
7.5,0.011,44141962.73107497,46589585.13240452,2447622.4013,44141962.73107497,46589585.13240452,2447622.4013
7.5,0.0115,44280581.88891867,46795411.79342531,2514829.9045,44280581.88891867,46795411.79342531,2514829.9045
7.5,0.012,44428120.31933239,46965744.64825423,2537624.3289,44428120.31933239,46965744.64825423,2537624.3289
7.5,0.0125,44578763.63282479,47222273.587159954,2643509.9543,44578763.63282479,47222273.587159954,2643509.9543
7.5,0.013,44719167.12913149,47374618.51033019,2655451.3812,44719167.12913149,47374618.51033019,2655451.3812
7.5,0.0135,44854093.616268,47563612.64665568,2709519.0304,44854093.616268,47563612.64665568,2709519.0304
7.5,0.014,45016868.35474538,47754683.210949965,2737814.8562,45016868.35474538,47754683.210949965,2737814.8562
7.5,0.0145,45170145.94708793,47959654.351764,2789508.4047,45170145.94708793,47959654.351764,2789508.4047
7.5,0.015,45332517.46540945,48172498.59559353,2839981.1302,45332517.46540945,48172498.59559353,2839981.1302
7.5,0.0155,45485257.20633373,48357258.607723415,2872001.4014,45485257.20633373,48357258.607723415,2872001.4014
7.5,0.016,45649313.9061837,48564491.32205288,2915177.4159,45649313.9061837,48564491.32205288,2915177.4159
7.5,0.0165,45816833.4746376,48761409.35718224,2944575.8825,45816833.4746376,48761409.35718224,2944575.8825
7.5,0.017,45978592.43029648,48942761.96327659,2964169.533,45978592.43029648,48942761.96327659,2964169.533
7.5,0.0175,46156586.96404485,49113370.59333721,2956783.6293,46156586.96404485,49113370.59333721,2956783.6293
7.5,0.018,46330091.255754456,49328665.64244122,2998574.3867,46330091.255754456,49328665.64244122,2998574.3867
7.5,0.0185,46507874.871275626,49485193.93517894,2977319.0639,46507874.871275626,49485193.93517894,2977319.0639
7.5,0.019,46670076.00291574,49695757.92373144,3025681.9208,46670076.00291574,49695757.92373144,3025681.9208
7.5,0.0195,46870652.72927178,49879121.69760389,3008468.9683,46870652.72927178,49879121.69760389,3008468.9683
7.5,0.02,47029336.86766712,50075136.95741338,3045800.0897,47029336.86766712,50075136.95741338,3045800.0897
8.0,0.0015,33863081.90347396,33873000.648214675,9918.7447,33863081.90347396,33873000.648214675,9918.7447
8.0,0.002,34460529.094053105,36763295.752109006,2302766.6581,34460529.094053105,36763295.752109006,2302766.6581
8.0,0.0025,34965526.1096166,37050556.43430647,2085030.3247,34965526.1096166,37050556.43430647,2085030.3247
8.0,0.003,35487732.83516523,37306064.98123527,1818332.1461,35487732.83516523,37306064.98123527,1818332.1461
8.0,0.0035,35995296.536844954,37547674.25194179,1552377.7151,35995296.536844954,37547674.25194179,1552377.7151
8.0,0.004,36458403.08191264,37826729.59048952,1368326.5086,36458403.08191264,37826729.59048952,1368326.5086
8.0,0.0045,36738561.5058913,38014488.250770256,1275926.7449,36738561.5058913,38014488.250770256,1275926.7449
8.0,0.005,36982342.98964831,38295072.49732941,1312729.5077,36982342.98964831,38295072.49732941,1312729.5077
8.0,0.0055,37169925.16945723,38549084.7435852,1379159.5741,37169925.16945723,38549084.7435852,1379159.5741
8.0,0.006,37361285.2918941,38764369.62008737,1403084.3282,37361285.2918941,38764369.62008737,1403084.3282
8.0,0.0065,37526516.01924344,37540954.47022393,14438.451,37526516.01924344,37540954.47022393,14438.451
8.0,0.007,37652560.13421079,37667624.334091306,15064.1999,37652560.13421079,37667624.334091306,15064.1999
8.0,0.0075,37806911.03582093,39381092.86518522,1574181.8294,37806911.03582093,39381092.86518522,1574181.8294
8.0,0.008,37929732.30670122,39620292.056952745,1690559.7503,37929732.30670122,39620292.056952745,1690559.7503
8.0,0.0085,38094988.62949981,39830849.18677687,1735860.5573,38094988.62949981,39830849.18677687,1735860.5573
8.0,0.009,38238436.00535974,40075858.04980393,1837422.0444,38238436.00535974,40075858.04980393,1837422.0444
8.0,0.0095,38397406.27827254,40280190.79758792,1882784.5193,38397406.27827254,40280190.79758792,1882784.5193
8.0,0.01,38535839.54313091,40475939.15174207,1940099.6086,38535839.54313091,40475939.15174207,1940099.6086
8.0,0.0105,38675431.36986447,40675370.74894429,1999939.3791,38675431.36986447,40675370.74894429,1999939.3791
8.0,0.011,38767081.63122068,40805496.21561767,2038414.5844,38767081.63122068,40805496.21561767,2038414.5844
8.0,0.0115,38887242.6856362,40970074.65230343,2082831.9667,38887242.6856362,40970074.65230343,2082831.9667
8.0,0.012,39004108.78494293,41113997.09863729,2109888.3137,39004108.78494293,41113997.09863729,2109888.3137
8.0,0.0125,39112120.12203983,41272242.89862413,2160122.7766,39112120.12203983,41272242.89862413,2160122.7766
8.0,0.013,39218976.72366239,41436677.44169516,2217700.718,39218976.72366239,41436677.44169516,2217700.718
8.0,0.0135,39355592.35369646,41596403.05364097,2240810.6999,39355592.35369646,41596403.05364097,2240810.6999
8.0,0.014,39468518.364796974,41763404.45147093,2294886.0867,39468518.364796974,41763404.45147093,2294886.0867
8.0,0.0145,39587443.66108255,41861826.94010489,2274383.279,39587443.66108255,41861826.94010489,2274383.279
8.0,0.015,39712614.30225874,42060771.98476061,2348157.6825,39712614.30225874,42060771.98476061,2348157.6825
8.0,0.0155,39844094.40268115,42225362.46233175,2381268.0597,39844094.40268115,42225362.46233175,2381268.0597
8.0,0.016,39972149.47619225,42385780.59187704,2413631.1157,39972149.47619225,42385780.59187704,2413631.1157
8.0,0.0165,40104534.4172266,42541888.18465941,2437353.7674,40104534.4172266,42541888.18465941,2437353.7674
8.0,0.017,40227818.57723649,42690051.71766964,2462233.1404,40227818.57723649,42690051.71766964,2462233.1404
8.0,0.0175,40374451.695894144,42836803.33571422,2462351.6398,40374451.695894144,42836803.33571422,2462351.6398
8.0,0.018,40496681.70224551,43017079.82786337,2520398.1256,40496681.70224551,43017079.82786337,2520398.1256
8.0,0.0185,40650102.71399415,43149366.03922662,2499263.3252,40650102.71399415,43149366.03922662,2499263.3252
8.0,0.019,40767300.81079944,43297211.92822176,2529911.1174,40767300.81079944,43297211.92822176,2529911.1174
8.0,0.0195,40920821.57395768,43419086.69786902,2498265.1239,40920821.57395768,43419086.69786902,2498265.1239
8.0,0.02,41049718.0007425,43597736.56096426,2548018.5602,41049718.0007425,43597736.56096426,2548018.5602
8.5,0.0015,30380203.142122865,30389063.37119029,8860.2291,30380203.142122865,30389063.37119029,8860.2291
8.5,0.002,30889803.012333304,32946901.045473646,2057098.0331,30889803.012333304,32946901.045473646,2057098.0331
8.5,0.0025,31346638.230803467,33176696.76982485,1830058.539,31346638.230803467,33176696.76982485,1830058.539
8.5,0.003,31785207.3873575,33363832.4050856,1578625.0177,31785207.3873575,33363832.4050856,1578625.0177
8.5,0.0035,32212375.034443736,33544111.40645369,1331736.372,32212375.034443736,33544111.40645369,1331736.372
8.5,0.004,32600338.198315542,33767884.25009884,1167546.0518,32600338.198315542,33767884.25009884,1167546.0518
8.5,0.0045,32843802.554909065,33944409.29054902,1100606.7356,32843802.554909065,33944409.29054902,1100606.7356
8.5,0.005,33049390.636519283,34154720.54981871,1105329.9133,33049390.636519283,34154720.54981871,1105329.9133
8.5,0.0055,33193145.72226693,34388809.29254988,1195663.5703,33193145.72226693,34388809.29254988,1195663.5703
8.5,0.006,33328490.37966469,34524407.95650387,1195917.5768,33328490.37966469,34524407.95650387,1195917.5768
8.5,0.007,33570529.72470586,33581256.87227757,10727.1476,33570529.72470586,33581256.87227757,10727.1476
8.5,0.0075,33681379.8735958,33692412.3867804,11032.5132,33681379.8735958,33692412.3867804,11032.5132
8.5,0.008,33798473.86149471,35228049.62334883,1429575.7619,33798473.86149471,35228049.62334883,1429575.7619
8.5,0.0085,33906159.118135214,35376314.74026351,1470155.6221,33906159.118135214,35376314.74026351,1470155.6221
8.5,0.009,34031495.50116231,35581483.75778376,1549988.2566,34031495.50116231,35581483.75778376,1549988.2566
8.5,0.0095,34155556.296437174,35765416.56377776,1609860.2673,34155556.296437174,35765416.56377776,1609860.2673
8.5,0.01,34280969.17117655,35951576.65562579,1670607.4844,34280969.17117655,35951576.65562579,1670607.4844
8.5,0.0105,34374262.63091102,36080884.1545618,1706621.5237,34374262.63091102,36080884.1545618,1706621.5237
8.5,0.011,34453096.34281101,36195669.72937463,1742573.3866,34453096.34281101,36195669.72937463,1742573.3866
8.5,0.0115,34543687.11218406,36334918.22671061,1791231.1145,34543687.11218406,36334918.22671061,1791231.1145
8.5,0.012,34642825.69755953,36486045.97756712,1843220.28,34642825.69755953,36486045.97756712,1843220.28
8.5,0.0125,34726618.056528375,36560546.39157676,1833928.335,34726618.056528375,36560546.39157676,1833928.335
8.5,0.013,34824410.52835743,36716571.917000666,1892161.3886,34824410.52835743,36716571.917000666,1892161.3886
8.5,0.0135,34915889.10349513,36801594.55362058,1885705.4501,34915889.10349513,36801594.55362058,1885705.4501
8.5,0.014,35015603.06548627,36949601.59515052,1933998.5297,35015603.06548627,36949601.59515052,1933998.5297
8.5,0.0145,35098024.91706162,37044115.73401942,1946090.817,35098024.91706162,37044115.73401942,1946090.817
8.5,0.015,35215520.44033276,37176678.09524517,1961157.6549,35215520.44033276,37176678.09524517,1961157.6549
8.5,0.0155,35300617.95633583,37309939.276703134,2009321.3204,35300617.95633583,37309939.276703134,2009321.3204
8.5,0.016,35422231.9287024,37446241.11092558,2024009.1822,35422231.9287024,37446241.11092558,2024009.1822
8.5,0.0165,35503444.79964153,37573423.73763353,2069978.938,35503444.79964153,37573423.73763353,2069978.938
8.5,0.017,35644975.264324464,37685117.40293995,2040142.1386,35644975.264324464,37685117.40293995,2040142.1386
8.5,0.0175,35732379.03997933,37810981.708111934,2078602.6681,35732379.03997933,37810981.708111934,2078602.6681
8.5,0.018,35826319.61513918,37926731.91324491,2100412.2981,35826319.61513918,37926731.91324491,2100412.2981
8.5,0.0185,35936098.99550326,38057987.536478944,2121888.541,35936098.99550326,38057987.536478944,2121888.541
8.5,0.019,36039464.63624812,38163487.42636836,2124022.7901,36039464.63624812,38163487.42636836,2124022.7901
8.5,0.0195,36160074.096996725,38287934.569413975,2127860.4724,36160074.096996725,38287934.569413975,2127860.4724
8.5,0.02,36288296.43725576,38390107.10725826,2101810.67,36288296.43725576,38390107.10725826,2101810.67
9.0,0.0015,27527243.888825104,27534332.037185404,7088.1484,27527243.888825104,27534332.037185404,7088.1484
9.0,0.002,27973924.01062215,29776878.4217345,1802954.4111,27973924.01062215,29776878.4217345,1802954.4111
9.0,0.0025,28354060.895419907,29948979.21948314,1594918.3241,28354060.895419907,29948979.21948314,1594918.3241
9.0,0.003,28740772.525115386,30122863.49727428,1382090.9722,28740772.525115386,30122863.49727428,1382090.9722
9.0,0.0035,29086809.383593507,30259955.60717145,1173146.2236,29086809.383593507,30259955.60717145,1173146.2236
9.0,0.004,29459555.248024743,30445295.89471097,985740.6467,29459555.248024743,30445295.89471097,985740.6467
9.0,0.0045,29679907.14967044,30588465.108193543,908557.9585,29679907.14967044,30588465.108193543,908557.9585
9.0,0.005,29873644.646422207,30720273.725196466,846629.0788,29873644.646422207,30720273.725196466,846629.0788
9.0,0.0055,29940120.152123004,30881442.60319305,941322.4511,29940120.152123004,30881442.60319305,941322.4511
9.0,0.006,30074782.132267475,31081927.59813533,1007145.4659,30074782.132267475,31081927.59813533,1007145.4659
9.0,0.0065,30158559.88417964,30166337.40226924,7777.5181,30158559.88417964,30166337.40226924,7777.5181
9.0,0.007,30254456.43772409,30262116.83986963,7660.4021,30254456.43772409,30262116.83986963,7660.4021
9.0,0.0075,30305134.982555404,30313251.577276178,8116.5947,30305134.982555404,30313251.577276178,8116.5947
9.0,0.008,30405845.926281057,30414007.968141034,8162.0419,30405845.926281057,30414007.968141034,8162.0419
9.0,0.0085,30510438.97713641,30518771.14590852,8332.1688,30510438.97713641,30518771.14590852,8332.1688
9.0,0.009,30607642.180869497,31915447.278425265,1307805.0976,30607642.180869497,31915447.278425265,1307805.0976
9.0,0.0095,30707168.18566455,32077938.210396152,1370770.0247,30707168.18566455,32077938.210396152,1370770.0247
9.0,0.01,30801853.578594487,32211991.51612384,1410137.9375,30801853.578594487,32211991.51612384,1410137.9375
9.0,0.0105,30876421.029309604,32297558.974767417,1421137.9455,30876421.029309604,32297558.974767417,1421137.9455
9.0,0.011,30938364.327037297,32441412.53081802,1503048.2038,30938364.327037297,32441412.53081802,1503048.2038
9.0,0.0115,31025432.40671792,32518653.96238988,1493221.5557,31025432.40671792,32518653.96238988,1493221.5557
9.0,0.012,31089201.669395875,32599432.69663128,1510231.0272,31089201.669395875,32599432.69663128,1510231.0272
9.0,0.0125,31171583.783545025,32718426.07834647,1546842.2948,31171583.783545025,32718426.07834647,1546842.2948
9.0,0.013,31237274.200864103,32831834.50708949,1594560.3062,31237274.200864103,32831834.50708949,1594560.3062
9.0,0.0135,31326252.738472056,32921149.16618392,1594896.4277,31326252.738472056,32921149.16618392,1594896.4277
9.0,0.014,31386199.711047936,33006119.331958063,1619919.6209,31386199.711047936,33006119.331958063,1619919.6209
9.0,0.0145,31480524.486767177,33113492.66740916,1632968.1806,31480524.486767177,33113492.66740916,1632968.1806
9.0,0.015,31536826.114156097,33207872.74951104,1671046.6354,31536826.114156097,33207872.74951104,1671046.6354
9.0,0.0155,31628882.17180942,33318309.08510191,1689426.9133,31628882.17180942,33318309.08510191,1689426.9133
9.0,0.016,31702232.875781525,33407979.66558656,1705746.7898,31702232.875781525,33407979.66558656,1705746.7898
9.0,0.0165,31796674.908304542,33521140.684524182,1724465.7762,31796674.908304542,33521140.684524182,1724465.7762
9.0,0.017,31883412.812189788,33608975.30739037,1725562.4952,31883412.812189788,33608975.30739037,1725562.4952
9.0,0.0175,31962406.1584628,33704541.25007844,1742135.0916,31962406.1584628,33704541.25007844,1742135.0916
9.0,0.018,32056433.37099412,33798089.9110143,1741656.54,32056433.37099412,33798089.9110143,1741656.54
9.0,0.0185,32155441.73946897,33907897.01089715,1752455.2714,32155441.73946897,33907897.01089715,1752455.2714
9.0,0.019,32226430.279445533,33997973.53677694,1771543.2573,32226430.279445533,33997973.53677694,1771543.2573
9.0,0.0195,32335591.470396142,34097401.250177704,1761809.7798,32335591.470396142,34097401.250177704,1761809.7798
9.0,0.02,32414483.919188928,34189072.49508863,1774588.5759,32414483.919188928,34189072.49508863,1774588.5759
9.5,0.0015,25133842.915376887,25140223.961793218,6381.0464,25133842.915376887,25140223.961793218,6381.0464
9.5,0.002,25523980.1487821,27118254.302583866,1594274.1538,25523980.1487821,27118254.302583866,1594274.1538
9.5,0.0025,25879759.967183717,27278893.05457818,1399133.0874,25879759.967183717,27278893.05457818,1399133.0874
9.5,0.003,26211347.75229188,27399433.120961394,1188085.3687,26211347.75229188,27399433.120961394,1188085.3687
9.5,0.0035,26546194.277743146,27547340.53405019,1001146.2563,26546194.277743146,27547340.53405019,1001146.2563
9.5,0.004,26863500.28141271,27679256.19069924,815755.9093,26863500.28141271,27679256.19069924,815755.9093
9.5,0.0045,27051026.057052385,27779398.19600793,728372.139,27051026.057052385,27779398.19600793,728372.139
9.5,0.005,27192599.603601463,27918994.49907189,726394.8955,27192599.603601463,27918994.49907189,726394.8955
9.5,0.0055,27313046.174860444,28068752.22623946,755706.0514,27313046.174860444,28068752.22623946,755706.0514
9.5,0.006,27351479.314904906,28164945.89429598,813466.5794,27351479.314904906,28164945.89429598,813466.5794
9.5,0.0065,27446640.715566523,28309407.52669722,862766.8111,27446640.715566523,28309407.52669722,862766.8111
9.5,0.007,27494415.69273667,27500820.49200673,6404.7993,27494415.69273667,27500820.49200673,6404.7993
9.5,0.0075,27582297.063158862,27588547.378366604,6250.3152,27582297.063158862,27588547.378366604,6250.3152
9.5,0.008,27621078.40453346,27627545.8750553,6467.4705,27621078.40453346,27627545.8750553,6467.4705
9.5,0.0085,27690657.78376701,27696932.87365387,6275.0899,27690657.78376701,27696932.87365387,6275.0899
9.5,0.009,27770609.52155259,27776806.90534066,6197.3838,27770609.52155259,27776806.90534066,6197.3838
9.5,0.0095,27848107.76564728,29025883.928342585,1177776.1627,27848107.76564728,29025883.928342585,1177776.1627
9.5,0.01,27933217.09720053,29111088.09559987,1177870.9984,27933217.09720053,29111088.09559987,1177870.9984
9.5,0.0105,27999212.77393061,29207982.34314073,1208769.5692,27999212.77393061,29207982.34314073,1208769.5692
9.5,0.011,28053386.02357741,29290062.02572382,1236676.0021,28053386.02357741,29290062.02572382,1236676.0021
9.5,0.0115,28119922.195763677,29362067.104807656,1242144.909,28119922.195763677,29362067.104807656,1242144.909
9.5,0.012,28175182.092859115,29433936.54710864,1258754.4542,28175182.092859115,29433936.54710864,1258754.4542
9.5,0.0125,28241691.969081767,29542110.14793256,1300418.1789,28241691.969081767,29542110.14793256,1300418.1789
9.5,0.013,28307535.63044064,29611525.996812947,1303990.3664,28307535.63044064,29611525.996812947,1303990.3664
9.5,0.0135,28385894.90639835,29708935.49003735,1323040.5836,28385894.90639835,29708935.49003735,1323040.5836
9.5,0.014,28421386.75650752,29779471.12503008,1358084.3685,28421386.75650752,29779471.12503008,1358084.3685
9.5,0.0145,28474301.292211324,29845019.249117523,1370717.9569,28474301.292211324,29845019.249117523,1370717.9569
9.5,0.015,28541526.15144322,29936242.998096813,1394716.8467,28541526.15144322,29936242.998096813,1394716.8467
9.5,0.0155,28614150.207978725,30036219.754644334,1422069.5467,28614150.207978725,30036219.754644334,1422069.5467
9.5,0.016,28694200.14458578,30091369.005608987,1397168.861,28694200.14458578,30091369.005608987,1397168.861
9.5,0.0165,28736165.68748254,30198210.26714232,1462044.5797,28736165.68748254,30198210.26714232,1462044.5797
9.5,0.017,28826977.069381192,30245508.26421736,1418531.1948,28826977.069381192,30245508.26421736,1418531.1948
9.5,0.0175,28883516.594930854,30336971.30103466,1453454.7061,28883516.594930854,30336971.30103466,1453454.7061
9.5,0.018,28961007.6960115,30424699.7157694,1463692.0198,28961007.6960115,30424699.7157694,1463692.0198
9.5,0.0185,29034981.55727956,30495034.26475896,1460052.7075,29034981.55727956,30495034.26475896,1460052.7075
9.5,0.019,29106025.882674385,30582770.70418777,1476744.8215,29106025.882674385,30582770.70418777,1476744.8215
9.5,0.0195,29175036.169517044,30659036.20428889,1484000.0348,29175036.169517044,30659036.20428889,1484000.0348
9.5,0.02,29244550.53582408,30742350.87387423,1497800.3381,29244550.53582408,30742350.87387423,1497800.3381
10.0,0.0015,23105940.2645464,23110709.959472347,4769.6949,23105940.2645464,23110709.959472347,4769.6949
10.0,0.002,23457058.12990865,24881294.800813746,1424236.6709,23457058.12990865,24881294.800813746,1424236.6709
10.0,0.0025,23760531.815076344,24999936.76747939,1239404.9524,23760531.815076344,24999936.76747939,1239404.9524
10.0,0.003,24031385.07033855,25127052.679792512,1095667.6095,24031385.07033855,25127052.679792512,1095667.6095
10.0,0.0035,24380467.350611832,25234620.43438678,854153.0838,24380467.350611832,25234620.43438678,854153.0838
10.0,0.0065,25331286.89274628,25831272.42118317,499985.5284,25331286.89274628,25831272.42118317,499985.5284
10.0,0.007,25247999.694037315,25253250.6454728,5250.9514,25247999.694037315,25253250.6454728,5250.9514
10.0,0.0075,25308015.510956485,25313283.54596194,5268.035,25308015.510956485,25313283.54596194,5268.035
10.0,0.008,25308434.881187364,25313595.826685973,5160.9455,25308434.881187364,25313595.826685973,5160.9455
10.0,0.0085,25377909.56192634,25383052.053723574,5142.4918,25377909.56192634,25383052.053723574,5142.4918
10.0,0.009,25444736.665117912,25449624.728542365,4888.0634,25444736.665117912,25449624.728542365,4888.0634
10.0,0.0095,25520730.07744333,25526097.39691864,5367.3195,25520730.07744333,25526097.39691864,5367.3195
10.0,0.01,25531049.3801038,25536603.984711464,5554.6046,25531049.3801038,25536603.984711464,5554.6046
10.0,0.0105,25620480.24630422,26598166.305999517,977686.0597,25620480.24630422,26598166.305999517,977686.0597
10.0,0.011,25660820.002290078,26660159.905679308,999339.9034,25660820.002290078,26660159.905679308,999339.9034
10.0,0.0115,25695601.77558836,26740694.5861876,1045092.8106,25695601.77558836,26740694.5861876,1045092.8106
10.0,0.012,25732524.01826294,26806362.260290693,1073838.242,25732524.01826294,26806362.260290693,1073838.242
10.0,0.0125,25807363.578321747,26893715.94750636,1086352.3692,25807363.578321747,26893715.94750636,1086352.3692
10.0,0.013,25841080.001695067,26938064.054731566,1096984.053,25841080.001695067,26938064.054731566,1096984.053
10.0,0.0135,25899619.35106549,27011104.21891798,1111484.8679,25899619.35106549,27011104.21891798,1111484.8679
10.0,0.014,25943838.25382832,27079154.636567146,1135316.3827,25943838.25382832,27079154.636567146,1135316.3827
10.0,0.0145,25977084.101099838,27138598.72633548,1161514.6252,25977084.101099838,27138598.72633548,1161514.6252
10.0,0.015,26068766.768049818,27206080.873219445,1137314.1052,26068766.768049818,27206080.873219445,1137314.1052
10.0,0.0155,26086007.93281656,27279405.195435144,1193397.2626,26086007.93281656,27279405.195435144,1193397.2626
10.0,0.016,26170399.06026986,27352636.216200776,1182237.1559,26170399.06026986,27352636.216200776,1182237.1559
10.0,0.0165,26225186.507776268,27408619.612134736,1183433.1044,26225186.507776268,27408619.612134736,1183433.1044
10.0,0.017,26277374.509384044,27468899.20100628,1191524.6916,26277374.509384044,27468899.20100628,1191524.6916
10.0,0.0175,26326687.959270503,27559827.443411,1233139.4841,26326687.959270503,27559827.443411,1233139.4841
10.0,0.018,26389274.66570944,27614194.801837876,1224920.1361,26389274.66570944,27614194.801837876,1224920.1361
10.0,0.0185,26456019.45246908,27664274.380787984,1208254.9283,26456019.45246908,27664274.380787984,1208254.9283
10.0,0.019,26501763.969730232,27738988.45149966,1237224.4818,26501763.969730232,27738988.45149966,1237224.4818
10.0,0.0195,26557038.334790617,27806685.567926653,1249647.2331,26557038.334790617,27806685.567926653,1249647.2331
10.0,0.02,26620636.782832988,27851324.95626655,1230688.1734,26620636.782832988,27851324.95626655,1230688.1734
10.5,0.0015,21382878.133704904,21387852.691262063,4974.5576,21382878.133704904,21387852.691262063,4974.5576
10.5,0.002,21690170.490593813,22968234.447296467,1278063.9567,21690170.490593813,22968234.447296467,1278063.9567
10.5,0.0025,21972076.405924983,23080553.500385813,1108477.0945,21972076.405924983,23080553.500385813,1108477.0945
10.5,0.003,22257692.361145437,23165089.90266362,907397.5415,22257692.361145437,23165089.90266362,907397.5415
10.5,0.0035,22551173.13598866,23257332.59252843,706159.4565,22551173.13598866,23257332.59252843,706159.4565
10.5,0.008,23527474.38749074,24023137.466998536,495663.0795,23527474.38749074,24023137.466998536,495663.0795
10.5,0.0085,23504939.984340698,23509402.32855676,4462.3442,23504939.984340698,23509402.32855676,4462.3442
10.5,0.009,23473359.05107645,23477880.66574212,4521.6147,23473359.05107645,23477880.66574212,4521.6147
10.5,0.0095,23553947.520847578,23558134.835523296,4187.3147,23553947.520847578,23558134.835523296,4187.3147
10.5,0.01,23581925.952701624,23585899.787871,3973.8352,23581925.952701624,23585899.787871,3973.8352
10.5,0.0105,23610960.016280964,23615495.909792475,4535.8935,23610960.016280964,23615495.909792475,4535.8935
10.5,0.011,23643074.86299564,23647564.360472847,4489.4975,23643074.86299564,23647564.360472847,4489.4975
10.5,0.0115,23679872.714854795,24516734.48293537,836861.7681,23679872.714854795,24516734.48293537,836861.7681
10.5,0.012,23699654.726455588,24589998.965620223,890344.2392,23699654.726455588,24589998.965620223,890344.2392
10.5,0.0125,23744627.22149358,24642489.06329054,897861.8418,23744627.22149358,24642489.06329054,897861.8418
10.5,0.013,23794364.582709912,24679230.560212404,884865.9775,23794364.582709912,24679230.560212404,884865.9775
10.5,0.0135,23833244.395388182,24742397.04281125,909152.6474,23833244.395388182,24742397.04281125,909152.6474
10.5,0.014,23906654.7433456,24816908.824956745,910254.0816,23906654.7433456,24816908.824956745,910254.0816
10.5,0.0145,23916069.34864312,24853698.609408077,937629.2608,23916069.34864312,24853698.609408077,937629.2608
10.5,0.015,23933410.584203158,24913923.680091504,980513.0959,23933410.584203158,24913923.680091504,980513.0959
10.5,0.0155,23990854.883209467,24959432.57026288,968577.6871,23990854.883209467,24959432.57026288,968577.6871
10.5,0.016,24053386.050106578,25024854.07559342,971468.0255,24053386.050106578,25024854.07559342,971468.0255
10.5,0.0165,24081763.457717765,25075556.56239205,993793.1047,24081763.457717765,25075556.56239205,993793.1047
10.5,0.017,24139706.86392018,25141386.70150804,1001679.8376,24139706.86392018,25141386.70150804,1001679.8376
10.5,0.0175,24172101.761231307,25188510.07324109,1016408.312,24172101.761231307,25188510.07324109,1016408.312
10.5,0.018,24211720.80087484,25242078.2103673,1030357.4095,24211720.80087484,25242078.2103673,1030357.4095
10.5,0.0185,24272930.578159515,25294424.124194574,1021493.546,24272930.578159515,25294424.124194574,1021493.546
10.5,0.019,24323024.411444142,25343207.23957402,1020182.8281,24323024.411444142,25343207.23957402,1020182.8281
10.5,0.0195,24377468.25357211,25392918.185250435,1015449.9317,24377468.25357211,25392918.185250435,1015449.9317
10.5,0.02,24421259.59909882,25457122.534103557,1035862.935,24421259.59909882,25457122.534103557,1035862.935
11.0,0.0015,19892601.98721506,19893246.653933637,644.6667,19892601.98721506,19893246.653933637,644.6667
11.0,0.002,20165538.38073763,21322185.02421387,1156646.6435,20165538.38073763,21322185.02421387,1156646.6435
11.0,0.0025,20432803.38728193,21413481.59842298,980678.2111,20432803.38728193,21413481.59842298,980678.2111
11.0,0.003,20691783.46817921,21484655.34965538,792871.8815,20691783.46817921,21484655.34965538,792871.8815
11.0,0.011,21997687.71594913,22001544.54140945,3856.8255,21997687.71594913,22001544.54140945,3856.8255
11.0,0.0115,21989313.71222604,21993008.651167154,3694.9389,21989313.71222604,21993008.651167154,3694.9389
11.0,0.012,22026756.96557822,22673974.32523253,647217.3597,22026756.96557822,22673974.32523253,647217.3597
11.0,0.0125,22058280.54620681,22732093.507452287,673812.9612,22058280.54620681,22732093.507452287,673812.9612
11.0,0.013,22079634.649199065,22774830.096228477,695195.447,22079634.649199065,22774830.096228477,695195.447
11.0,0.0135,22099772.98743007,22832963.022506826,733190.0351,22099772.98743007,22832963.022506826,733190.0351
11.0,0.014,22146887.9265042,22859420.74917388,712532.8227,22146887.9265042,22859420.74917388,712532.8227
11.0,0.0145,22172786.44391862,22905799.870346427,733013.4264,22172786.44391862,22905799.870346427,733013.4264
11.0,0.015,22191743.76479402,22953330.837314703,761587.0725,22191743.76479402,22953330.837314703,761587.0725
11.0,0.0155,22234738.82952667,23012074.893701777,777336.0642,22234738.82952667,23012074.893701777,777336.0642
11.0,0.016,22261084.726820134,23044096.42807525,783011.7013,22261084.726820134,23044096.42807525,783011.7013
11.0,0.0165,22310323.160095043,23094521.62265585,784198.4626,22310323.160095043,23094521.62265585,784198.4626
11.0,0.017,22313671.10856572,23145815.6025153,832144.4939,22313671.10856572,23145815.6025153,832144.4939
11.0,0.0175,22361945.86318911,23173700.06907264,811754.2059,22361945.86318911,23173700.06907264,811754.2059
11.0,0.018,22407272.76111605,23222863.346693512,815590.5856,22407272.76111605,23222863.346693512,815590.5856
11.0,0.0185,22448932.9167658,23275409.348963574,826476.4322,22448932.9167658,23275409.348963574,826476.4322
11.0,0.019,22508175.65639597,23313868.29843763,805692.642,22508175.65639597,23313868.29843763,805692.642
11.0,0.0195,22554057.139282264,23355059.51248768,801002.3732,22554057.139282264,23355059.51248768,801002.3732
11.0,0.02,22591033.20729901,23411965.816392705,820932.6091,22591033.20729901,23411965.816392705,820932.6091
11.5,0.002,19884991.11566134,19885537.86882343,546.7532,19884991.11566134,19885537.86882343,546.7532
11.5,0.0025,19965935.69452983,19966526.231763955,590.5372,19965935.69452983,19966526.231763955,590.5372
11.5,0.003,20023626.76182733,20025280.932608817,1654.1708,20023626.76182733,20025280.932608817,1654.1708
11.5,0.014,20735340.56214708,21206028.87304082,470688.3109,20735340.56214708,21206028.87304082,470688.3109
11.5,0.0145,20722955.88017845,21228214.97712424,505259.0969,20722955.88017845,21228214.97712424,505259.0969
11.5,0.015,20804193.213707656,21270305.231941044,466112.0182,20804193.213707656,21270305.231941044,466112.0182
11.5,0.0155,20792240.34925522,21306199.542140417,513959.1929,20792240.34925522,21306199.542140417,513959.1929
11.5,0.0165,20834644.145130835,21382156.83892115,547512.6938,20834644.145130835,21382156.83892115,547512.6938
11.5,0.017,20896994.894703276,21425228.78965709,528233.895,20896994.894703276,21425228.78965709,528233.895
11.5,0.0175,20936255.148903918,21466994.939380106,530739.7905,20936255.148903918,21466994.939380106,530739.7905
11.5,0.018,20982583.517877683,21496702.6892308,514119.1714,20982583.517877683,21496702.6892308,514119.1714
11.5,0.0185,21019081.265564527,21536193.219292983,517111.9537,21019081.265564527,21536193.219292983,517111.9537
11.5,0.019,21168242.86810891,21561296.648051467,393053.7799,21168242.86810891,21561296.648051467,393053.7799
11.5,0.0195,21115701.17837019,21607882.31427341,492181.1359,21115701.17837019,21607882.31427341,492181.1359
11.5,0.02,21066214.373562552,21644989.537726957,578775.1642,21066214.373562552,21644989.537726957,578775.1642
