initial_Z,initial_mass,blue_loop_crossing_count,blue_loop_duration_yr,blue_loop_start_age,blue_loop_end_age,instability_start_age,instability_end_age,calculated_blue_loop_duration,calculated_instability_duration,run_dir_path
0.0015,3.0,2,7934739.0554558635,314057365.0135329,321992104.06898874,314057365.0135329,321992104.06898874,7934739.0554558635,7934739.0554558635,/home/tnd/mesa-r23.05.1/STRANGE/nad_convos_high/run_nad_convos_high_3.0MSUN_z0.0015
0.002,3.0,1,8263385.093578815,321693547.3872811,329956932.48085994,321693547.3872811,329956932.48085994,8263385.093578815,8263385.093578815,/home/tnd/mesa-r23.05.1/STRANGE/nad_convos_high/run_nad_convos_high_3.0MSUN_z0.0020
0.0025,3.0,1,5665887.787967503,328881095.0577273,334546982.8456948,328881095.0577273,334546982.8456948,5665887.787967503,5665887.787967503,/home/tnd/mesa-r23.05.1/STRANGE/nad_convos_high/run_nad_convos_high_3.0MSUN_z0.0025
0.0015,3.5,1,3527012.267807573,220759612.64266947,224286624.91047704,220759612.64266947,224286624.91047704,3527012.267807573,3527012.267807573,/home/tnd/mesa-r23.05.1/STRANGE/nad_convos_high/run_nad_convos_high_3.5MSUN_z0.0015
0.002,3.5,1,4284269.223514855,226166958.0235339,230451227.24704877,226166958.0235339,230451227.24704877,4284269.223514855,4284269.223514855,/home/tnd/mesa-r23.05.1/STRANGE/nad_convos_high/run_nad_convos_high_3.5MSUN_z0.0020
0.0025,3.5,2,4424797.555090994,230302118.4879113,234726916.0430023,230302118.4879113,234726916.0430023,4424797.555090994,4424797.555090994,/home/tnd/mesa-r23.05.1/STRANGE/nad_convos_high/run_nad_convos_high_3.5MSUN_z0.0025
0.003,3.5,1,4586482.751760036,234416848.49323583,239003331.24499586,234416848.49323583,239003331.24499586,4586482.751760036,4586482.751760036,/home/tnd/mesa-r23.05.1/STRANGE/nad_convos_high/run_nad_convos_high_3.5MSUN_z0.0030
0.0035,3.5,1,4353292.044541836,238407531.10595977,242760823.1505016,238407531.10595977,242760823.1505016,4353292.044541836,4353292.044541836,/home/tnd/mesa-r23.05.1/STRANGE/nad_convos_high/run_nad_convos_high_3.5MSUN_z0.0035
0.004,3.5,1,834123.4519278705,243151115.61991084,243985239.0718387,243151115.61991084,243985239.0718387,834123.4519278705,834123.4519278705,/home/tnd/mesa-r23.05.1/STRANGE/nad_convos_high/run_nad_convos_high_3.5MSUN_z0.0040
0.0015,4.0,1,2703257.3257265687,162334132.33507508,165037389.66080165,162334132.33507508,165037389.66080165,2703257.3257265687,2703257.3257265687,/home/tnd/mesa-r23.05.1/STRANGE/nad_convos_high/run_nad_convos_high_4.0MSUN_z0.0015
0.002,4.0,1,1710163.0230135024,166799428.85172376,168509591.87473726,166799428.85172376,168509591.87473726,1710163.0230135024,1710163.0230135024,/home/tnd/mesa-r23.05.1/STRANGE/nad_convos_high/run_nad_convos_high_4.0MSUN_z0.0020
0.0025,4.0,1,2472487.793202281,169596380.7787581,172068868.5719604,169596380.7787581,172068868.5719604,2472487.793202281,2472487.793202281,/home/tnd/mesa-r23.05.1/STRANGE/nad_convos_high/run_nad_convos_high_4.0MSUN_z0.0025
0.003,4.0,2,3176455.501006067,172200555.58838022,175377011.08938628,172200555.58838022,175377011.08938628,3176455.501006067,3176455.501006067,/home/tnd/mesa-r23.05.1/STRANGE/nad_convos_high/run_nad_convos_high_4.0MSUN_z0.0030
0.0035,4.0,2,3290234.577453822,174922037.81313902,178212272.39059284,174922037.81313902,178212272.39059284,3290234.577453822,3290234.577453822,/home/tnd/mesa-r23.05.1/STRANGE/nad_convos_high/run_nad_convos_high_4.0MSUN_z0.0035
0.004,4.0,2,3368192.701167017,177730316.6157221,181098509.3168891,177730316.6157221,181098509.3168891,3368192.701167017,3368192.701167017,/home/tnd/mesa-r23.05.1/STRANGE/nad_convos_high/run_nad_convos_high_4.0MSUN_z0.0040
0.0045,4.0,1,3453257.6730048656,179775872.208603,183229129.88160786,179775872.208603,183229129.88160786,3453257.6730048656,3453257.6730048656,/home/tnd/mesa-r23.05.1/STRANGE/nad_convos_high/run_nad_convos_high_4.0MSUN_z0.0045
0.005,4.0,1,3228048.6004157662,182011582.1208473,185239630.72126308,182011582.1208473,185239630.72126308,3228048.6004157662,3228048.6004157662,/home/tnd/mesa-r23.05.1/STRANGE/nad_convos_high/run_nad_convos_high_4.0MSUN_z0.0050
0.0055,4.0,1,2701860.4844839573,184233687.74156556,186935548.2260495,184233687.74156556,186935548.2260495,2701860.4844839573,2701860.4844839573,/home/tnd/mesa-r23.05.1/STRANGE/nad_convos_high/run_nad_convos_high_4.0MSUN_z0.0055
0.006,4.0,1,1144669.4005146325,186618506.31420702,187763175.71472165,186618506.31420702,187763175.71472165,1144669.4005146325,1144669.4005146325,/home/tnd/mesa-r23.05.1/STRANGE/nad_convos_high/run_nad_convos_high_4.0MSUN_z0.0060
0.0015,4.5,1,2608323.9392277002,124470652.81057854,127078976.74980624,124470652.81057854,127078976.74980624,2608323.9392277002,2608323.9392277002,/home/tnd/mesa-r23.05.1/STRANGE/nad_convos_high/run_nad_convos_high_4.5MSUN_z0.0015
0.002,4.5,1,1339306.1386877298,127830656.0397456,129169962.17843333,127830656.0397456,129169962.17843333,1339306.1386877298,1339306.1386877298,/home/tnd/mesa-r23.05.1/STRANGE/nad_convos_high/run_nad_convos_high_4.5MSUN_z0.0020
0.0025,4.5,1,1318993.3193342835,130081747.29189773,131400740.61123201,130081747.29189773,131400740.61123201,1318993.3193342835,1318993.3193342835,/home/tnd/mesa-r23.05.1/STRANGE/nad_convos_high/run_nad_convos_high_4.5MSUN_z0.0025
0.003,4.5,1,1814851.4193951935,131973891.33009867,133788742.74949387,131973891.33009867,133788742.74949387,1814851.4193951935,1814851.4193951935,/home/tnd/mesa-r23.05.1/STRANGE/nad_convos_high/run_nad_convos_high_4.5MSUN_z0.0030
0.0035,4.5,2,2399522.346217647,133780599.24828027,136180121.59449792,133780599.24828027,136180121.59449792,2399522.346217647,2399522.346217647,/home/tnd/mesa-r23.05.1/STRANGE/nad_convos_high/run_nad_convos_high_4.5MSUN_z0.0035
0.004,4.5,2,2610323.5376149416,135563564.4157384,138173887.95335335,135563564.4157384,138173887.95335335,2610323.5376149416,2610323.5376149416,/home/tnd/mesa-r23.05.1/STRANGE/nad_convos_high/run_nad_convos_high_4.5MSUN_z0.0040
0.0045,4.5,2,2754045.0974101424,136987702.64424145,139741747.7416516,136987702.64424145,139741747.7416516,2754045.0974101424,2754045.0974101424,/home/tnd/mesa-r23.05.1/STRANGE/nad_convos_high/run_nad_convos_high_4.5MSUN_z0.0045
0.005,4.5,2,2836786.687908113,138450180.9029496,141286967.5908577,138450180.9029496,141286967.5908577,2836786.687908113,2836786.687908113,/home/tnd/mesa-r23.05.1/STRANGE/nad_convos_high/run_nad_convos_high_4.5MSUN_z0.0050
0.006,4.5,2,2985894.8270230293,141368389.00071704,144354283.82774007,141368389.00071704,144354283.82774007,2985894.8270230293,2985894.8270230293,/home/tnd/mesa-r23.05.1/STRANGE/nad_convos_high/run_nad_convos_high_4.5MSUN_z0.0060
0.0065,4.5,1,2930340.3079827726,142865147.09992638,145795487.40790915,142865147.09992638,145795487.40790915,2930340.3079827726,2930340.3079827726,/home/tnd/mesa-r23.05.1/STRANGE/nad_convos_high/run_nad_convos_high_4.5MSUN_z0.0065
0.007,4.5,1,2681152.2568941116,144449783.363394,147130935.6202881,144449783.363394,147130935.6202881,2681152.2568941116,2681152.2568941116,/home/tnd/mesa-r23.05.1/STRANGE/nad_convos_high/run_nad_convos_high_4.5MSUN_z0.0070
0.0075,4.5,1,2294290.1458227336,146051253.81883544,148345543.96465817,146051253.81883544,148345543.96465817,2294290.1458227336,2294290.1458227336,/home/tnd/mesa-r23.05.1/STRANGE/nad_convos_high/run_nad_convos_high_4.5MSUN_z0.0075
0.008,4.5,1,1256414.1877886057,147698010.5689662,148954424.75675482,147698010.5689662,148954424.75675482,1256414.1877886057,1256414.1877886057,/home/tnd/mesa-r23.05.1/STRANGE/nad_convos_high/run_nad_convos_high_4.5MSUN_z0.0080
0.0015,5.0,2,2604205.408386484,98725606.6618684,101329812.07025488,98725606.6618684,101329812.07025488,2604205.408386484,2604205.408386484,/home/tnd/mesa-r23.05.1/STRANGE/nad_convos_high/run_nad_convos_high_5.0MSUN_z0.0015
0.002,5.0,1,1488906.4680244327,101158639.29584403,102647545.76386847,101158639.29584403,102647545.76386847,1488906.4680244327,1488906.4680244327,/home/tnd/mesa-r23.05.1/STRANGE/nad_convos_high/run_nad_convos_high_5.0MSUN_z0.0020
0.0025,5.0,1,1035459.8137719631,103002642.5653669,104038102.37913886,103002642.5653669,104038102.37913886,1035459.8137719631,1035459.8137719631,/home/tnd/mesa-r23.05.1/STRANGE/nad_convos_high/run_nad_convos_high_5.0MSUN_z0.0025
0.003,5.0,1,1123763.2362294048,104581935.5508464,105705698.7870758,104581935.5508464,105705698.7870758,1123763.2362294048,1123763.2362294048,/home/tnd/mesa-r23.05.1/STRANGE/nad_convos_high/run_nad_convos_high_5.0MSUN_z0.0030
0.0035,5.0,1,1587147.1318140924,105840480.06916893,107427627.20098302,105840480.06916893,107427627.20098302,1587147.1318140924,1587147.1318140924,/home/tnd/mesa-r23.05.1/STRANGE/nad_convos_high/run_nad_convos_high_5.0MSUN_z0.0035
0.004,5.0,2,2067500.8720200658,107074112.4978475,109141613.36986756,107074112.4978475,109141613.36986756,2067500.8720200658,2067500.8720200658,/home/tnd/mesa-r23.05.1/STRANGE/nad_convos_high/run_nad_convos_high_5.0MSUN_z0.0040
0.0045,5.0,2,2246771.6588682383,108039836.07992579,110286607.73879403,108039836.07992579,110286607.73879403,2246771.6588682383,2246771.6588682383,/home/tnd/mesa-r23.05.1/STRANGE/nad_convos_high/run_nad_convos_high_5.0MSUN_z0.0045
0.005,5.0,2,2301930.6113776863,109072467.80770658,111374398.41908427,109072467.80770658,111374398.41908427,2301930.6113776863,2301930.6113776863,/home/tnd/mesa-r23.05.1/STRANGE/nad_convos_high/run_nad_convos_high_5.0MSUN_z0.0050
0.0055,5.0,2,2395343.1586200297,110042721.18486546,112438064.34348549,110042721.18486546,112438064.34348549,2395343.1586200297,2395343.1586200297,/home/tnd/mesa-r23.05.1/STRANGE/nad_convos_high/run_nad_convos_high_5.0MSUN_z0.0055
0.006,5.0,2,2454650.0476879776,111094873.72068347,113549523.76837145,111094873.72068347,113549523.76837145,2454650.0476879776,2454650.0476879776,/home/tnd/mesa-r23.05.1/STRANGE/nad_convos_high/run_nad_convos_high_5.0MSUN_z0.0060
0.0065,5.0,2,2535584.1716815233,112127964.53655289,114663548.70823441,112127964.53655289,114663548.70823441,2535584.1716815233,2535584.1716815233,/home/tnd/mesa-r23.05.1/STRANGE/nad_convos_high/run_nad_convos_high_5.0MSUN_z0.0065
0.007,5.0,2,2589807.0139196217,113179377.30071817,115769184.3146378,113179377.30071817,115769184.3146378,2589807.0139196217,2589807.0139196217,/home/tnd/mesa-r23.05.1/STRANGE/nad_convos_high/run_nad_convos_high_5.0MSUN_z0.0070
0.0075,5.0,2,2556392.523532763,114302205.17643896,116858597.69997172,114302205.17643896,116858597.69997172,2556392.523532763,2556392.523532763,/home/tnd/mesa-r23.05.1/STRANGE/nad_convos_high/run_nad_convos_high_5.0MSUN_z0.0075
0.008,5.0,2,2457762.0447165966,115397142.5566066,117854904.6013232,115397142.5566066,117854904.6013232,2457762.0447165966,2457762.0447165966,/home/tnd/mesa-r23.05.1/STRANGE/nad_convos_high/run_nad_convos_high_5.0MSUN_z0.0080
0.0085,5.0,1,2354476.0389757603,116531480.08372784,118885956.1227036,116531480.08372784,118885956.1227036,2354476.0389757603,2354476.0389757603,/home/tnd/mesa-r23.05.1/STRANGE/nad_convos_high/run_nad_convos_high_5.0MSUN_z0.0085
0.009,5.0,1,2146980.981460616,117666722.39441602,119813703.37587664,117666722.39441602,119813703.37587664,2146980.981460616,2146980.981460616,/home/tnd/mesa-r23.05.1/STRANGE/nad_convos_high/run_nad_convos_high_5.0MSUN_z0.0090
0.0095,5.0,1,1746360.7296884954,118866231.0712571,120612591.8009456,118866231.0712571,120612591.8009456,1746360.7296884954,1746360.7296884954,/home/tnd/mesa-r23.05.1/STRANGE/nad_convos_high/run_nad_convos_high_5.0MSUN_z0.0095
0.01,5.0,1,1078428.969486624,120036197.85950577,121114626.8289924,120036197.85950577,121114626.8289924,1078428.969486624,1078428.969486624,/home/tnd/mesa-r23.05.1/STRANGE/nad_convos_high/run_nad_convos_high_5.0MSUN_z0.0100
0.0105,5.0,1,661978.3039497882,120965770.2569517,121627748.5609015,120965770.2569517,121627748.5609015,661978.3039497882,661978.3039497882,/home/tnd/mesa-r23.05.1/STRANGE/nad_convos_high/run_nad_convos_high_5.0MSUN_z0.0105
0.0015,5.5,2,2333180.689688176,80550131.40822789,82883312.09791607,80550131.40822789,82883312.09791607,2333180.689688176,2333180.689688176,/home/tnd/mesa-r23.05.1/STRANGE/nad_convos_high/run_nad_convos_high_5.5MSUN_z0.0015
0.002,5.5,1,1433534.7623157501,82349192.93368417,83782727.69599992,82349192.93368417,83782727.69599992,1433534.7623157501,1433534.7623157501,/home/tnd/mesa-r23.05.1/STRANGE/nad_convos_high/run_nad_convos_high_5.5MSUN_z0.0020
0.0025,5.5,1,886662.3177240789,83855716.60116252,84742378.9188866,83855716.60116252,84742378.9188866,886662.3177240789,886662.3177240789,/home/tnd/mesa-r23.05.1/STRANGE/nad_convos_high/run_nad_convos_high_5.5MSUN_z0.0025
0.003,5.5,1,813725.4832494557,85020918.84624672,85834644.32949618,85020918.84624672,85834644.32949618,813725.4832494557,813725.4832494557,/home/tnd/mesa-r23.05.1/STRANGE/nad_convos_high/run_nad_convos_high_5.5MSUN_z0.0030
0.0035,5.5,1,984668.8551959693,86039176.06101424,87023844.9162102,86039176.06101424,87023844.9162102,984668.8551959693,984668.8551959693,/home/tnd/mesa-r23.05.1/STRANGE/nad_convos_high/run_nad_convos_high_5.5MSUN_z0.0035
0.004,5.5,1,1513199.8649852127,86982199.69225022,88495399.55723543,86982199.69225022,88495399.55723543,1513199.8649852127,1513199.8649852127,/home/tnd/mesa-r23.05.1/STRANGE/nad_convos_high/run_nad_convos_high_5.5MSUN_z0.0040
0.0045,5.5,2,1819707.1595744342,87663446.61728275,89483153.77685718,87663446.61728275,89483153.77685718,1819707.1595744342,1819707.1595744342,/home/tnd/mesa-r23.05.1/STRANGE/nad_convos_high/run_nad_convos_high_5.5MSUN_z0.0045
0.005,5.5,2,1897991.949856013,88391760.86634675,90289752.81620276,88391760.86634675,90289752.81620276,1897991.949856013,1897991.949856013,/home/tnd/mesa-r23.05.1/STRANGE/nad_convos_high/run_nad_convos_high_5.5MSUN_z0.0050
0.0055,5.5,2,1938250.5229411721,89093741.08578439,91031991.60872556,89093741.08578439,91031991.60872556,1938250.5229411721,1938250.5229411721,/home/tnd/mesa-r23.05.1/STRANGE/nad_convos_high/run_nad_convos_high_5.5MSUN_z0.0055
0.006,5.5,2,2007907.1006717533,89842739.12815261,91850646.22882436,89842739.12815261,91850646.22882436,2007907.1006717533,2007907.1006717533,/home/tnd/mesa-r23.05.1/STRANGE/nad_convos_high/run_nad_convos_high_5.5MSUN_z0.0060
0.0065,5.5,2,2017510.2112273425,90589980.896889,92607491.10811634,90589980.896889,92607491.10811634,2017510.2112273425,2017510.2112273425,/home/tnd/mesa-r23.05.1/STRANGE/nad_convos_high/run_nad_convos_high_5.5MSUN_z0.0065
0.007,5.5,2,2033087.7903045863,91390474.93462321,93423562.7249278,91390474.93462321,93423562.7249278,2033087.7903045863,2033087.7903045863,/home/tnd/mesa-r23.05.1/STRANGE/nad_convos_high/run_nad_convos_high_5.5MSUN_z0.0070
0.0075,5.5,2,2101255.8844890743,92136966.66535532,94238222.5498444,92136966.66535532,94238222.5498444,2101255.8844890743,2101255.8844890743,/home/tnd/mesa-r23.05.1/STRANGE/nad_convos_high/run_nad_convos_high_5.5MSUN_z0.0075
0.008,5.5,2,2114196.4608681947,92931401.07188557,95045597.53275377,92931401.07188557,95045597.53275377,2114196.4608681947,2114196.4608681947,/home/tnd/mesa-r23.05.1/STRANGE/nad_convos_high/run_nad_convos_high_5.5MSUN_z0.0080
0.0085,5.5,2,2092337.4487416446,93736995.14653179,95829332.59527344,93736995.14653179,95829332.59527344,2092337.4487416446,2092337.4487416446,/home/tnd/mesa-r23.05.1/STRANGE/nad_convos_high/run_nad_convos_high_5.5MSUN_z0.0085
0.009,5.5,2,2093974.533496365,94560908.0968678,96654882.63036416,94560908.0968678,96654882.63036416,2093974.533496365,2093974.533496365,/home/tnd/mesa-r23.05.1/STRANGE/nad_convos_high/run_nad_convos_high_5.5MSUN_z0.0090
0.0095,5.5,2,1991764.4911672324,95388192.15117729,97379956.64234452,95388192.15117729,97379956.64234452,1991764.4911672324,1991764.4911672324,/home/tnd/mesa-r23.05.1/STRANGE/nad_convos_high/run_nad_convos_high_5.5MSUN_z0.0095
0.01,5.5,2,1901510.1264893264,96218873.92248173,98120384.04897106,96218873.92248173,98120384.04897106,1901510.1264893264,1901510.1264893264,/home/tnd/mesa-r23.05.1/STRANGE/nad_convos_high/run_nad_convos_high_5.5MSUN_z0.0100
0.0105,5.5,1,1869716.8756910115,96827434.6572953,98697151.53298631,96827434.6572953,98697151.53298631,1869716.8756910115,1869716.8756910115,/home/tnd/mesa-r23.05.1/STRANGE/nad_convos_high/run_nad_convos_high_5.5MSUN_z0.0105
0.011,5.5,1,1785248.9343242347,97433364.42411919,99218613.35844342,97433364.42411919,99218613.35844342,1785248.9343242347,1785248.9343242347,/home/tnd/mesa-r23.05.1/STRANGE/nad_convos_high/run_nad_convos_high_5.5MSUN_z0.0110
0.0115,5.5,1,1605978.3303695917,98019271.54114917,99625249.87151876,98019271.54114917,99625249.87151876,1605978.3303695917,1605978.3303695917,/home/tnd/mesa-r23.05.1/STRANGE/nad_convos_high/run_nad_convos_high_5.5MSUN_z0.0115
0.012,5.5,1,1366809.690818116,98677326.01624052,100044135.70705864,98677326.01624052,100044135.70705864,1366809.690818116,1366809.690818116,/home/tnd/mesa-r23.05.1/STRANGE/nad_convos_high/run_nad_convos_high_5.5MSUN_z0.0120
0.0125,5.5,1,1049999.4351560622,99270476.80192609,100320476.23708215,99270476.80192609,100320476.23708215,1049999.4351560622,1049999.4351560622,/home/tnd/mesa-r23.05.1/STRANGE/nad_convos_high/run_nad_convos_high_5.5MSUN_z0.0125
0.013,5.5,1,729692.0006702244,99923769.13159117,100653461.1322614,99923769.13159117,100653461.1322614,729692.0006702244,729692.0006702244,/home/tnd/mesa-r23.05.1/STRANGE/nad_convos_high/run_nad_convos_high_5.5MSUN_z0.0130
0.0135,5.5,1,473651.4011865854,100573836.2654345,101047487.66662109,100573836.2654345,101047487.66662109,473651.4011865854,473651.4011865854,/home/tnd/mesa-r23.05.1/STRANGE/nad_convos_high/run_nad_convos_high_5.5MSUN_z0.0135
0.014,5.5,1,149354.23302344978,101277268.1155387,101426622.34856215,101277268.1155387,101426622.34856215,149354.23302344978,149354.23302344978,/home/tnd/mesa-r23.05.1/STRANGE/nad_convos_high/run_nad_convos_high_5.5MSUN_z0.0140
0.0015,6.0,2,2097536.8905993104,67251632.9648251,69349169.8554244,67251632.9648251,69349169.8554244,2097536.8905993104,2097536.8905993104,/home/tnd/mesa-r23.05.1/STRANGE/nad_convos_high/run_nad_convos_high_6.0MSUN_z0.0015
0.002,6.0,2,1338846.520823583,68654595.01093279,69993441.53175637,68654595.01093279,69993441.53175637,1338846.520823583,1338846.520823583,/home/tnd/mesa-r23.05.1/STRANGE/nad_convos_high/run_nad_convos_high_6.0MSUN_z0.0020
0.0025,6.0,1,947836.0159212053,69754333.37926547,70702169.39518668,69754333.37926547,70702169.39518668,947836.0159212053,947836.0159212053,/home/tnd/mesa-r23.05.1/STRANGE/nad_convos_high/run_nad_convos_high_6.0MSUN_z0.0025
0.003,6.0,1,481941.05504207313,70781483.73563144,71263424.79067351,70781483.73563144,71263424.79067351,481941.05504207313,481941.05504207313,/home/tnd/mesa-r23.05.1/STRANGE/nad_convos_high/run_nad_convos_high_6.0MSUN_z0.0030
0.0035,6.0,1,677869.1922208071,71590858.32640837,72268727.51862918,71590858.32640837,72268727.51862918,677869.1922208071,677869.1922208071,/home/tnd/mesa-r23.05.1/STRANGE/nad_convos_high/run_nad_convos_high_6.0MSUN_z0.0035
0.004,6.0,1,933193.5636950433,72268822.93536739,73202016.49906243,72268822.93536739,73202016.49906243,933193.5636950433,933193.5636950433,/home/tnd/mesa-r23.05.1/STRANGE/nad_convos_high/run_nad_convos_high_6.0MSUN_z0.0040
0.0045,6.0,2,1341716.9882818162,72771495.14635591,74113212.13463773,72771495.14635591,74113212.13463773,1341716.9882818162,1341716.9882818162,/home/tnd/mesa-r23.05.1/STRANGE/nad_convos_high/run_nad_convos_high_6.0MSUN_z0.0045
0.005,6.0,2,1474796.8996220827,73337571.87257619,74812368.77219827,73337571.87257619,74812368.77219827,1474796.8996220827,1474796.8996220827,/home/tnd/mesa-r23.05.1/STRANGE/nad_convos_high/run_nad_convos_high_6.0MSUN_z0.0050
0.0055,6.0,2,1591247.4014508575,73885190.06592724,75476437.4673781,73885190.06592724,75476437.4673781,1591247.4014508575,1591247.4014508575,/home/tnd/mesa-r23.05.1/STRANGE/nad_convos_high/run_nad_convos_high_6.0MSUN_z0.0055
0.006,6.0,2,1652362.9161005616,74414575.66024858,76066938.57634914,74414575.66024858,76066938.57634914,1652362.9161005616,1652362.9161005616,/home/tnd/mesa-r23.05.1/STRANGE/nad_convos_high/run_nad_convos_high_6.0MSUN_z0.0060
0.0065,6.0,2,1667252.030458048,74966034.63894293,76633286.66940098,74966034.63894293,76633286.66940098,1667252.030458048,1667252.030458048,/home/tnd/mesa-r23.05.1/STRANGE/nad_convos_high/run_nad_convos_high_6.0MSUN_z0.0065
0.007,6.0,2,1728323.8794199228,75515490.82616596,77243814.70558588,75515490.82616596,77243814.70558588,1728323.8794199228,1728323.8794199228,/home/tnd/mesa-r23.05.1/STRANGE/nad_convos_high/run_nad_convos_high_6.0MSUN_z0.0070
0.0075,6.0,2,1743794.496215716,76090187.82013148,77833982.3163472,76090187.82013148,77833982.3163472,1743794.496215716,1743794.496215716,/home/tnd/mesa-r23.05.1/STRANGE/nad_convos_high/run_nad_convos_high_6.0MSUN_z0.0075
0.008,6.0,2,1723127.3037838936,76668686.40902054,78391813.71280444,76668686.40902054,78391813.71280444,1723127.3037838936,1723127.3037838936,/home/tnd/mesa-r23.05.1/STRANGE/nad_convos_high/run_nad_convos_high_6.0MSUN_z0.0080
0.0085,6.0,2,1752820.8421213627,77255149.6591301,79007970.50125146,77255149.6591301,79007970.50125146,1752820.8421213627,1752820.8421213627,/home/tnd/mesa-r23.05.1/STRANGE/nad_convos_high/run_nad_convos_high_6.0MSUN_z0.0085
0.009,6.0,2,1752658.5531715006,77861760.76779987,79614419.32097137,77861760.76779987,79614419.32097137,1752658.5531715006,1752658.5531715006,/home/tnd/mesa-r23.05.1/STRANGE/nad_convos_high/run_nad_convos_high_6.0MSUN_z0.0090
0.0095,6.0,2,1759649.976250261,78447640.1059409,80207290.08219115,78447640.1059409,80207290.08219115,1759649.976250261,1759649.976250261,/home/tnd/mesa-r23.05.1/STRANGE/nad_convos_high/run_nad_convos_high_6.0MSUN_z0.0095
0.01,6.0,2,1711214.5083331019,79092575.34159075,80803789.84992385,79092575.34159075,80803789.84992385,1711214.5083331019,1711214.5083331019,/home/tnd/mesa-r23.05.1/STRANGE/nad_convos_high/run_nad_convos_high_6.0MSUN_z0.0100
0.0105,6.0,2,1736916.4658614546,79533769.06286533,81270685.52872679,79533769.06286533,81270685.52872679,1736916.4658614546,1736916.4658614546,/home/tnd/mesa-r23.05.1/STRANGE/nad_convos_high/run_nad_convos_high_6.0MSUN_z0.0105
0.011,6.0,2,1703861.1483767778,79980196.42058481,81684057.56896159,79980196.42058481,81684057.56896159,1703861.1483767778,1703861.1483767778,/home/tnd/mesa-r23.05.1/STRANGE/nad_convos_high/run_nad_convos_high_6.0MSUN_z0.0110
0.0115,6.0,2,1661888.2271674573,80408500.63134867,82070388.85851613,80408500.63134867,82070388.85851613,1661888.2271674573,1661888.2271674573,/home/tnd/mesa-r23.05.1/STRANGE/nad_convos_high/run_nad_convos_high_6.0MSUN_z0.0115
0.012,6.0,2,1647482.3277235925,80840963.03611568,82488445.36383927,80840963.03611568,82488445.36383927,1647482.3277235925,1647482.3277235925,/home/tnd/mesa-r23.05.1/STRANGE/nad_convos_high/run_nad_convos_high_6.0MSUN_z0.0120
0.0125,6.0,2,1542893.960024178,81299779.8918395,82842673.85186368,81299779.8918395,82842673.85186368,1542893.960024178,1542893.960024178,/home/tnd/mesa-r23.05.1/STRANGE/nad_convos_high/run_nad_convos_high_6.0MSUN_z0.0125
0.013,6.0,1,1478260.7561189532,81761117.34496213,83239378.10108109,81761117.34496213,83239378.10108109,1478260.7561189532,1478260.7561189532,/home/tnd/mesa-r23.05.1/STRANGE/nad_convos_high/run_nad_convos_high_6.0MSUN_z0.0130
0.0135,6.0,1,1403645.6525734216,82217592.2838598,83621237.93643323,82217592.2838598,83621237.93643323,1403645.6525734216,1403645.6525734216,/home/tnd/mesa-r23.05.1/STRANGE/nad_convos_high/run_nad_convos_high_6.0MSUN_z0.0135
0.014,6.0,1,1302589.0587636828,82683626.7781505,83986215.83691418,82683626.7781505,83986215.83691418,1302589.0587636828,1302589.0587636828,/home/tnd/mesa-r23.05.1/STRANGE/nad_convos_high/run_nad_convos_high_6.0MSUN_z0.0140
0.0145,6.0,1,1116059.0547219217,83137614.8650153,84253673.91973722,83137614.8650153,84253673.91973722,1116059.0547219217,1116059.0547219217,/home/tnd/mesa-r23.05.1/STRANGE/nad_convos_high/run_nad_convos_high_6.0MSUN_z0.0145
0.015,6.0,1,843451.9038464576,83623927.10700189,84467379.01084834,83623927.10700189,84467379.01084834,843451.9038464576,843451.9038464576,/home/tnd/mesa-r23.05.1/STRANGE/nad_convos_high/run_nad_convos_high_6.0MSUN_z0.0150
0.0155,6.0,1,656159.749510482,84093376.38538928,84749536.13489977,84093376.38538928,84749536.13489977,656159.749510482,656159.749510482,/home/tnd/mesa-r23.05.1/STRANGE/nad_convos_high/run_nad_convos_high_6.0MSUN_z0.0155
0.016,6.0,1,463663.780031234,84578206.87855013,85041870.65858136,84578206.87855013,85041870.65858136,463663.780031234,463663.780031234,/home/tnd/mesa-r23.05.1/STRANGE/nad_convos_high/run_nad_convos_high_6.0MSUN_z0.0160
0.0165,6.0,1,290769.293141067,85079019.82405724,85369789.1171983,85079019.82405724,85369789.1171983,290769.293141067,290769.293141067,/home/tnd/mesa-r23.05.1/STRANGE/nad_convos_high/run_nad_convos_high_6.0MSUN_z0.0165
0.0015,6.5,2,1830956.3245833665,57223599.9732985,59054556.297881864,57223599.9732985,59054556.297881864,1830956.3245833665,1830956.3245833665,/home/tnd/mesa-r23.05.1/STRANGE/nad_convos_high/run_nad_convos_high_6.5MSUN_z0.0015
0.002,6.5,2,1278926.542758502,58314598.406670675,59593524.94942918,58314598.406670675,59593524.94942918,1278926.542758502,1278926.542758502,/home/tnd/mesa-r23.05.1/STRANGE/nad_convos_high/run_nad_convos_high_6.5MSUN_z0.0020
0.0025,6.5,1,841518.4727185741,59214850.765629835,60056369.23834841,59214850.765629835,60056369.23834841,841518.4727185741,841518.4727185741,/home/tnd/mesa-r23.05.1/STRANGE/nad_convos_high/run_nad_convos_high_6.5MSUN_z0.0025
0.003,6.5,1,596775.1351447552,60000858.01604514,60597633.15118989,60000858.01604514,60597633.15118989,596775.1351447552,596775.1351447552,/home/tnd/mesa-r23.05.1/STRANGE/nad_convos_high/run_nad_convos_high_6.5MSUN_z0.0030
0.0035,6.5,1,442346.0918439105,60724496.62215257,61166842.71399648,60724496.62215257,61166842.71399648,442346.0918439105,442346.0918439105,/home/tnd/mesa-r23.05.1/STRANGE/nad_convos_high/run_nad_convos_high_6.5MSUN_z0.0035
0.004,6.5,1,610867.4445679784,61268336.08273522,61879203.5273032,61268336.08273522,61879203.5273032,610867.4445679784,610867.4445679784,/home/tnd/mesa-r23.05.1/STRANGE/nad_convos_high/run_nad_convos_high_6.5MSUN_z0.0040
0.0045,6.5,1,865237.0645719394,61651132.1229788,62516369.18755074,61651132.1229788,62516369.18755074,865237.0645719394,865237.0645719394,/home/tnd/mesa-r23.05.1/STRANGE/nad_convos_high/run_nad_convos_high_6.5MSUN_z0.0045
0.005,6.5,2,1089648.228826113,62079176.44200202,63168824.670828134,62079176.44200202,63168824.670828134,1089648.228826113,1089648.228826113,/home/tnd/mesa-r23.05.1/STRANGE/nad_convos_high/run_nad_convos_high_6.5MSUN_z0.0050
0.0055,6.5,2,1233750.7641859502,62470354.45576279,63704105.21994874,62470354.45576279,63704105.21994874,1233750.7641859502,1233750.7641859502,/home/tnd/mesa-r23.05.1/STRANGE/nad_convos_high/run_nad_convos_high_6.5MSUN_z0.0055
0.006,6.5,2,1362906.4149577543,62889939.28254347,64252845.69750123,62889939.28254347,64252845.69750123,1362906.4149577543,1362906.4149577543,/home/tnd/mesa-r23.05.1/STRANGE/nad_convos_high/run_nad_convos_high_6.5MSUN_z0.0060
0.0065,6.5,2,1392318.7671179175,63279568.89595778,64671887.6630757,63279568.89595778,64671887.6630757,1392318.7671179175,1392318.7671179175,/home/tnd/mesa-r23.05.1/STRANGE/nad_convos_high/run_nad_convos_high_6.5MSUN_z0.0065
0.007,6.5,2,1449502.1530809626,63695714.152175635,65145216.3052566,63695714.152175635,65145216.3052566,1449502.1530809626,1449502.1530809626,/home/tnd/mesa-r23.05.1/STRANGE/nad_convos_high/run_nad_convos_high_6.5MSUN_z0.0070
0.0075,6.5,2,1433357.3210626617,64131585.29800627,65564942.61906893,64131585.29800627,65564942.61906893,1433357.3210626617,1433357.3210626617,/home/tnd/mesa-r23.05.1/STRANGE/nad_convos_high/run_nad_convos_high_6.5MSUN_z0.0075
0.008,6.5,2,1434336.626243107,64578330.03063372,66012666.656876825,64578330.03063372,66012666.656876825,1434336.626243107,1434336.626243107,/home/tnd/mesa-r23.05.1/STRANGE/nad_convos_high/run_nad_convos_high_6.5MSUN_z0.0080
0.0085,6.5,2,1450200.9197565243,65012363.4495324,66462564.36928892,65012363.4495324,66462564.36928892,1450200.9197565243,1450200.9197565243,/home/tnd/mesa-r23.05.1/STRANGE/nad_convos_high/run_nad_convos_high_6.5MSUN_z0.0085
0.009,6.5,2,1471502.5883301422,65456717.996919036,66928220.58524918,65456717.996919036,66928220.58524918,1471502.5883301422,1471502.5883301422,/home/tnd/mesa-r23.05.1/STRANGE/nad_convos_high/run_nad_convos_high_6.5MSUN_z0.0090
0.0095,6.5,2,1460488.940348871,65920826.458834656,67381315.39918353,65920826.458834656,67381315.39918353,1460488.940348871,1460488.940348871,/home/tnd/mesa-r23.05.1/STRANGE/nad_convos_high/run_nad_convos_high_6.5MSUN_z0.0095
0.01,6.5,2,1475440.8228825405,66377046.12758743,67852486.95046997,66377046.12758743,67852486.95046997,1475440.8228825405,1475440.8228825405,/home/tnd/mesa-r23.05.1/STRANGE/nad_convos_high/run_nad_convos_high_6.5MSUN_z0.0100
0.0105,6.5,2,1456127.758075893,66745710.76168616,68201838.51976205,66745710.76168616,68201838.51976205,1456127.758075893,1456127.758075893,/home/tnd/mesa-r23.05.1/STRANGE/nad_convos_high/run_nad_convos_high_6.5MSUN_z0.0105
0.011,6.5,2,1485046.0195623264,67042318.33252282,68527364.35208514,67042318.33252282,68527364.35208514,1485046.0195623264,1485046.0195623264,/home/tnd/mesa-r23.05.1/STRANGE/nad_convos_high/run_nad_convos_high_6.5MSUN_z0.0110
0.0115,6.5,2,1490390.1096719354,67384292.73739031,68874682.84706225,67384292.73739031,68874682.84706225,1490390.1096719354,1490390.1096719354,/home/tnd/mesa-r23.05.1/STRANGE/nad_convos_high/run_nad_convos_high_6.5MSUN_z0.0115
0.012,6.5,2,1455457.9909267873,67716673.56782492,69172131.5587517,67716673.56782492,69172131.5587517,1455457.9909267873,1455457.9909267873,/home/tnd/mesa-r23.05.1/STRANGE/nad_convos_high/run_nad_convos_high_6.5MSUN_z0.0120
0.0125,6.5,2,1444832.45030047,68035084.30553782,69479916.75583829,68035084.30553782,69479916.75583829,1444832.45030047,1444832.45030047,/home/tnd/mesa-r23.05.1/STRANGE/nad_convos_high/run_nad_convos_high_6.5MSUN_z0.0125
0.013,6.5,2,1446221.8315364867,68380354.1844352,69826576.01597169,68380354.1844352,69826576.01597169,1446221.8315364867,1446221.8315364867,/home/tnd/mesa-r23.05.1/STRANGE/nad_convos_high/run_nad_convos_high_6.5MSUN_z0.0130
0.0135,6.5,2,1380452.3792884946,68719178.61844146,70099630.99772996,68719178.61844146,70099630.99772996,1380452.3792884946,1380452.3792884946,/home/tnd/mesa-r23.05.1/STRANGE/nad_convos_high/run_nad_convos_high_6.5MSUN_z0.0135
0.014,6.5,2,1339616.6974286884,69067006.44326359,70406623.14069228,69067006.44326359,70406623.14069228,1339616.6974286884,1339616.6974286884,/home/tnd/mesa-r23.05.1/STRANGE/nad_convos_high/run_nad_convos_high_6.5MSUN_z0.0140
0.0145,6.5,2,1291776.767316863,69408711.75578357,70700488.52310044,69408711.75578357,70700488.52310044,1291776.767316863,1291776.767316863,/home/tnd/mesa-r23.05.1/STRANGE/nad_convos_high/run_nad_convos_high_6.5MSUN_z0.0145
0.015,6.5,2,1242858.5181149691,69762596.81202242,71005455.33013739,69762596.81202242,71005455.33013739,1242858.5181149691,1242858.5181149691,/home/tnd/mesa-r23.05.1/STRANGE/nad_convos_high/run_nad_convos_high_6.5MSUN_z0.0150
0.0155,6.5,1,1172791.1062132865,70111087.27521694,71283878.38143022,70111087.27521694,71283878.38143022,1172791.1062132865,1172791.1062132865,/home/tnd/mesa-r23.05.1/STRANGE/nad_convos_high/run_nad_convos_high_6.5MSUN_z0.0155
0.016,6.5,1,1088229.8072291017,70464218.88602076,71552448.69324987,70464218.88602076,71552448.69324987,1088229.8072291017,1088229.8072291017,/home/tnd/mesa-r23.05.1/STRANGE/nad_convos_high/run_nad_convos_high_6.5MSUN_z0.0160
0.0165,6.5,1,912067.0452466011,70819606.80121568,71731673.84646228,70819606.80121568,71731673.84646228,912067.0452466011,912067.0452466011,/home/tnd/mesa-r23.05.1/STRANGE/nad_convos_high/run_nad_convos_high_6.5MSUN_z0.0165
0.017,6.5,1,786820.6475581229,71187226.94487853,71974047.59243666,71187226.94487853,71974047.59243666,786820.6475581229,786820.6475581229,/home/tnd/mesa-r23.05.1/STRANGE/nad_convos_high/run_nad_convos_high_6.5MSUN_z0.0170
0.0175,6.5,1,600359.9406989664,71549326.17909235,72149686.11979131,71549326.17909235,72149686.11979131,600359.9406989664,600359.9406989664,/home/tnd/mesa-r23.05.1/STRANGE/nad_convos_high/run_nad_convos_high_6.5MSUN_z0.0175
0.018,6.5,1,458800.04628542066,71918124.66634871,72376924.71263413,71918124.66634871,72376924.71263413,458800.04628542066,458800.04628542066,/home/tnd/mesa-r23.05.1/STRANGE/nad_convos_high/run_nad_convos_high_6.5MSUN_z0.0180
0.0185,6.5,1,333974.627907604,72282893.68734762,72616868.31525522,72282893.68734762,72616868.31525522,333974.627907604,333974.627907604,/home/tnd/mesa-r23.05.1/STRANGE/nad_convos_high/run_nad_convos_high_6.5MSUN_z0.0185
0.019,6.5,1,212254.57422463596,72701204.03313349,72913458.60735813,72701204.03313349,72913458.60735813,212254.57422463596,212254.57422463596,/home/tnd/mesa-r23.05.1/STRANGE/nad_convos_high/run_nad_convos_high_6.5MSUN_z0.0190
0.0015,7.0,2,1610779.2347424626,49497093.82155589,51107873.05629835,49497093.82155589,51107873.05629835,1610779.2347424626,1610779.2347424626,/home/tnd/mesa-r23.05.1/STRANGE/nad_convos_high/run_nad_convos_high_7.0MSUN_z0.0015
0.002,7.0,2,1169995.0811501592,50378726.877449974,51548721.95860013,50378726.877449974,51548721.95860013,1169995.0811501592,1169995.0811501592,/home/tnd/mesa-r23.05.1/STRANGE/nad_convos_high/run_nad_convos_high_7.0MSUN_z0.0020
0.0025,7.0,2,811379.7665689737,51088217.271265954,51899597.03783493,51088217.271265954,51899597.03783493,811379.7665689737,811379.7665689737,/home/tnd/mesa-r23.05.1/STRANGE/nad_convos_high/run_nad_convos_high_7.0MSUN_z0.0025
0.003,7.0,1,526774.0173486322,51761984.19479424,52288758.21214287,51761984.19479424,52288758.21214287,526774.0173486322,526774.0173486322,/home/tnd/mesa-r23.05.1/STRANGE/nad_convos_high/run_nad_convos_high_7.0MSUN_z0.0030
0.0035,7.0,1,168265.9350600168,52445949.90573517,52614215.84079519,52445949.90573517,52614215.84079519,168265.9350600168,168265.9350600168,/home/tnd/mesa-r23.05.1/STRANGE/nad_convos_high/run_nad_convos_high_7.0MSUN_z0.0035
0.004,7.0,1,292635.4469064176,52865539.75898038,53158175.205886796,52865539.75898038,53158175.205886796,292635.4469064176,292635.4469064176,/home/tnd/mesa-r23.05.1/STRANGE/nad_convos_high/run_nad_convos_high_7.0MSUN_z0.0040
0.0045,7.0,1,539396.860564962,53143104.0335912,53682500.894156165,53143104.0335912,53682500.894156165,539396.860564962,539396.860564962,/home/tnd/mesa-r23.05.1/STRANGE/nad_convos_high/run_nad_convos_high_7.0MSUN_z0.0045
0.005,7.0,2,804663.2235945016,53416020.922318146,54220684.14591265,53416020.922318146,54220684.14591265,804663.2235945016,804663.2235945016,/home/tnd/mesa-r23.05.1/STRANGE/nad_convos_high/run_nad_convos_high_7.0MSUN_z0.0050
0.0055,7.0,2,960539.0938285738,53717659.8152853,54678198.90911388,53717659.8152853,54678198.90911388,960539.0938285738,960539.0938285738,/home/tnd/mesa-r23.05.1/STRANGE/nad_convos_high/run_nad_convos_high_7.0MSUN_z0.0055
0.006,7.0,2,1072296.0172712058,54031246.54953299,55103542.56680419,54031246.54953299,55103542.56680419,1072296.0172712058,1072296.0172712058,/home/tnd/mesa-r23.05.1/STRANGE/nad_convos_high/run_nad_convos_high_7.0MSUN_z0.0060
0.0065,7.0,2,1123213.1657025293,54355856.37850828,55479069.54421081,54355856.37850828,55479069.54421081,1123213.1657025293,1123213.1657025293,/home/tnd/mesa-r23.05.1/STRANGE/nad_convos_high/run_nad_convos_high_7.0MSUN_z0.0065
0.007,7.0,2,1155949.6796440855,54693540.07449462,55849489.75413871,54693540.07449462,55849489.75413871,1155949.6796440855,1155949.6796440855,/home/tnd/mesa-r23.05.1/STRANGE/nad_convos_high/run_nad_convos_high_7.0MSUN_z0.0070
0.0075,7.0,2,1222611.0544893518,54997586.522980005,56220197.57746936,54997586.522980005,56220197.57746936,1222611.0544893518,1222611.0544893518,/home/tnd/mesa-r23.05.1/STRANGE/nad_convos_high/run_nad_convos_high_7.0MSUN_z0.0075
0.008,7.0,2,1231104.5104222521,55331814.481628805,56562918.99205106,55331814.481628805,56562918.99205106,1231104.5104222521,1231104.5104222521,/home/tnd/mesa-r23.05.1/STRANGE/nad_convos_high/run_nad_convos_high_7.0MSUN_z0.0080
0.0085,7.0,2,1222725.835503064,55677668.319473885,56900394.15497695,55677668.319473885,56900394.15497695,1222725.835503064,1222725.835503064,/home/tnd/mesa-r23.05.1/STRANGE/nad_convos_high/run_nad_convos_high_7.0MSUN_z0.0085
0.009,7.0,2,1238372.8157468587,56000601.97853848,57238974.79428534,56000601.97853848,57238974.79428534,1238372.8157468587,1238372.8157468587,/home/tnd/mesa-r23.05.1/STRANGE/nad_convos_high/run_nad_convos_high_7.0MSUN_z0.0090
0.0095,7.0,2,1223057.6336566359,56363033.42916921,57586091.06282584,56363033.42916921,57586091.06282584,1223057.6336566359,1223057.6336566359,/home/tnd/mesa-r23.05.1/STRANGE/nad_convos_high/run_nad_convos_high_7.0MSUN_z0.0095
0.01,7.0,2,1231689.8536594585,56699869.61662761,57931559.47028707,56699869.61662761,57931559.47028707,1231689.8536594585,1231689.8536594585,/home/tnd/mesa-r23.05.1/STRANGE/nad_convos_high/run_nad_convos_high_7.0MSUN_z0.0100
0.0105,7.0,2,1246326.0327094048,56973074.25835886,58219400.29106826,56973074.25835886,58219400.29106826,1246326.0327094048,1246326.0327094048,/home/tnd/mesa-r23.05.1/STRANGE/nad_convos_high/run_nad_convos_high_7.0MSUN_z0.0105
0.011,7.0,2,1252257.3624340817,57223141.416386336,58475398.77882042,57223141.416386336,58475398.77882042,1252257.3624340817,1252257.3624340817,/home/tnd/mesa-r23.05.1/STRANGE/nad_convos_high/run_nad_convos_high_7.0MSUN_z0.0110
0.0115,7.0,2,1250041.2687874287,57477900.02840736,58727941.29719479,57477900.02840736,58727941.29719479,1250041.2687874287,1250041.2687874287,/home/tnd/mesa-r23.05.1/STRANGE/nad_convos_high/run_nad_convos_high_7.0MSUN_z0.0115
0.012,7.0,2,1257822.0286400914,57722260.53031037,58980082.55895046,57722260.53031037,58980082.55895046,1257822.0286400914,1257822.0286400914,/home/tnd/mesa-r23.05.1/STRANGE/nad_convos_high/run_nad_convos_high_7.0MSUN_z0.0120
0.0125,7.0,2,1268541.7118533477,57971182.04053384,59239723.75238719,57971182.04053384,59239723.75238719,1268541.7118533477,1268541.7118533477,/home/tnd/mesa-r23.05.1/STRANGE/nad_convos_high/run_nad_convos_high_7.0MSUN_z0.0125
0.013,7.0,2,1244315.5770317987,58240411.773382545,59484727.35041434,58240411.773382545,59484727.35041434,1244315.5770317987,1244315.5770317987,/home/tnd/mesa-r23.05.1/STRANGE/nad_convos_high/run_nad_convos_high_7.0MSUN_z0.0130
0.0135,7.0,2,1230966.2879641354,58498007.98541871,59728974.27338284,58498007.98541871,59728974.27338284,1230966.2879641354,1230966.2879641354,/home/tnd/mesa-r23.05.1/STRANGE/nad_convos_high/run_nad_convos_high_7.0MSUN_z0.0135
0.014,7.0,2,1207438.4054930806,58775424.49684647,59982862.90233955,58775424.49684647,59982862.90233955,1207438.4054930806,1207438.4054930806,/home/tnd/mesa-r23.05.1/STRANGE/nad_convos_high/run_nad_convos_high_7.0MSUN_z0.0140
0.0145,7.0,2,1195415.9240829572,59023185.35416924,60218601.2782522,59023185.35416924,60218601.2782522,1195415.9240829572,1195415.9240829572,/home/tnd/mesa-r23.05.1/STRANGE/nad_convos_high/run_nad_convos_high_7.0MSUN_z0.0145
0.015,7.0,2,1151610.5025156736,59282974.73470558,60434585.237221256,59282974.73470558,60434585.237221256,1151610.5025156736,1151610.5025156736,/home/tnd/mesa-r23.05.1/STRANGE/nad_convos_high/run_nad_convos_high_7.0MSUN_z0.0150
0.0155,7.0,2,1115362.1232566684,59555947.227758296,60671309.351014964,59555947.227758296,60671309.351014964,1115362.1232566684,1115362.1232566684,/home/tnd/mesa-r23.05.1/STRANGE/nad_convos_high/run_nad_convos_high_7.0MSUN_z0.0155
0.016,7.0,2,1080773.5076152831,59823650.212742485,60904423.72035777,59823650.212742485,60904423.72035777,1080773.5076152831,1080773.5076152831,/home/tnd/mesa-r23.05.1/STRANGE/nad_convos_high/run_nad_convos_high_7.0MSUN_z0.0160
0.0165,7.0,2,1028624.3552625179,60099811.069026925,61128435.42428944,60099811.069026925,61128435.42428944,1028624.3552625179,1028624.3552625179,/home/tnd/mesa-r23.05.1/STRANGE/nad_convos_high/run_nad_convos_high_7.0MSUN_z0.0165
0.017,7.0,2,989570.8639232293,60345638.5154223,61335209.37934553,60345638.5154223,61335209.37934553,989570.8639232293,989570.8639232293,/home/tnd/mesa-r23.05.1/STRANGE/nad_convos_high/run_nad_convos_high_7.0MSUN_z0.0170
0.0175,7.0,2,897555.2203891724,60636146.10509745,61533701.32548662,60636146.10509745,61533701.32548662,897555.2203891724,897555.2203891724,/home/tnd/mesa-r23.05.1/STRANGE/nad_convos_high/run_nad_convos_high_7.0MSUN_z0.0175
0.018,7.0,1,807248.6423213407,60917182.6672386,61724431.30955994,60917182.6672386,61724431.30955994,807248.6423213407,807248.6423213407,/home/tnd/mesa-r23.05.1/STRANGE/nad_convos_high/run_nad_convos_high_7.0MSUN_z0.0180
0.0185,7.0,1,677208.7548983321,61206159.761283495,61883368.51618183,61206159.761283495,61883368.51618183,677208.7548983321,677208.7548983321,/home/tnd/mesa-r23.05.1/STRANGE/nad_convos_high/run_nad_convos_high_7.0MSUN_z0.0185
0.019,7.0,1,564034.9544959888,61494343.00332742,62058377.95782341,61494343.00332742,62058377.95782341,564034.9544959888,564034.9544959888,/home/tnd/mesa-r23.05.1/STRANGE/nad_convos_high/run_nad_convos_high_7.0MSUN_z0.0190
0.0195,7.0,1,454606.6112431437,61760968.89090522,62215575.50214836,61760968.89090522,62215575.50214836,454606.6112431437,454606.6112431437,/home/tnd/mesa-r23.05.1/STRANGE/nad_convos_high/run_nad_convos_high_7.0MSUN_z0.0195
0.02,7.0,1,354954.57072271407,62059740.28676218,62414694.85748489,62059740.28676218,62414694.85748489,354954.57072271407,354954.57072271407,/home/tnd/mesa-r23.05.1/STRANGE/nad_convos_high/run_nad_convos_high_7.0MSUN_z0.0200
0.0015,7.5,2,1456685.47954683,43375604.41372535,44832289.89327218,43375604.41372535,44832289.89327218,1456685.47954683,1456685.47954683,/home/tnd/mesa-r23.05.1/STRANGE/nad_convos_high/run_nad_convos_high_7.5MSUN_z0.0015
0.002,7.5,2,1055302.9476032257,44121184.9585912,45176487.906194426,44121184.9585912,45176487.906194426,1055302.9476032257,1055302.9476032257,/home/tnd/mesa-r23.05.1/STRANGE/nad_convos_high/run_nad_convos_high_7.5MSUN_z0.0020
0.0025,7.5,2,721212.555180423,44718319.11780175,45439531.67298217,44718319.11780175,45439531.67298217,721212.555180423,721212.555180423,/home/tnd/mesa-r23.05.1/STRANGE/nad_convos_high/run_nad_convos_high_7.5MSUN_z0.0025
0.003,7.5,1,367854.174282372,45312077.619262375,45679931.79354475,45312077.619262375,45679931.79354475,367854.174282372,367854.174282372,/home/tnd/mesa-r23.05.1/STRANGE/nad_convos_high/run_nad_convos_high_7.5MSUN_z0.0030
0.0045,7.5,1,216129.37700476497,46501490.104244284,46717619.48124905,46501490.104244284,46717619.48124905,216129.37700476497,216129.37700476497,/home/tnd/mesa-r23.05.1/STRANGE/nad_convos_high/run_nad_convos_high_7.5MSUN_z0.0045
0.005,7.5,1,443644.1082429588,46690654.452821776,47134298.561064735,46690654.452821776,47134298.561064735,443644.1082429588,443644.1082429588,/home/tnd/mesa-r23.05.1/STRANGE/nad_convos_high/run_nad_convos_high_7.5MSUN_z0.0050
0.0055,7.5,2,626117.1400304213,46913366.41479179,47539483.554822214,46913366.41479179,47539483.554822214,626117.1400304213,626117.1400304213,/home/tnd/mesa-r23.05.1/STRANGE/nad_convos_high/run_nad_convos_high_7.5MSUN_z0.0055
0.006,7.5,2,798600.5491473004,47145133.6250837,47943734.174231,47145133.6250837,47943734.174231,798600.5491473004,798600.5491473004,/home/tnd/mesa-r23.05.1/STRANGE/nad_convos_high/run_nad_convos_high_7.5MSUN_z0.0060
0.0065,7.5,2,892021.8582182527,47383633.79777219,48275655.655990444,47383633.79777219,48275655.655990444,892021.8582182527,892021.8582182527,/home/tnd/mesa-r23.05.1/STRANGE/nad_convos_high/run_nad_convos_high_7.5MSUN_z0.0065
0.007,7.5,2,970138.6228782237,47642631.84060916,48612770.46348739,47642631.84060916,48612770.46348739,970138.6228782237,970138.6228782237,/home/tnd/mesa-r23.05.1/STRANGE/nad_convos_high/run_nad_convos_high_7.5MSUN_z0.0070
0.0075,7.5,2,1004796.5890491083,47876226.575960405,48881023.16500951,47876226.575960405,48881023.16500951,1004796.5890491083,1004796.5890491083,/home/tnd/mesa-r23.05.1/STRANGE/nad_convos_high/run_nad_convos_high_7.5MSUN_z0.0075
0.008,7.5,2,1005021.8643853664,48140689.13053863,49145710.994923994,48140689.13053863,49145710.994923994,1005021.8643853664,1005021.8643853664,/home/tnd/mesa-r23.05.1/STRANGE/nad_convos_high/run_nad_convos_high_7.5MSUN_z0.0080
0.0085,7.5,2,1021017.0973249972,48407298.02018029,49428315.11750529,48407298.02018029,49428315.11750529,1021017.0973249972,1021017.0973249972,/home/tnd/mesa-r23.05.1/STRANGE/nad_convos_high/run_nad_convos_high_7.5MSUN_z0.0085
0.009,7.5,2,1039126.4587916285,48663027.61412021,49702154.072911836,48663027.61412021,49702154.072911836,1039126.4587916285,1039126.4587916285,/home/tnd/mesa-r23.05.1/STRANGE/nad_convos_high/run_nad_convos_high_7.5MSUN_z0.0090
0.0095,7.5,2,1066226.0655860528,48919040.24887216,49985266.314458214,48919040.24887216,49985266.314458214,1066226.0655860528,1066226.0655860528,/home/tnd/mesa-r23.05.1/STRANGE/nad_convos_high/run_nad_convos_high_7.5MSUN_z0.0095
0.01,7.5,2,1019032.7808800191,49204511.78252879,50223544.56340881,49204511.78252879,50223544.56340881,1019032.7808800191,1019032.7808800191,/home/tnd/mesa-r23.05.1/STRANGE/nad_convos_high/run_nad_convos_high_7.5MSUN_z0.0100
0.0105,7.5,2,1038468.3577779531,49393347.79259081,50431816.150368765,49393347.79259081,50431816.150368765,1038468.3577779531,1038468.3577779531,/home/tnd/mesa-r23.05.1/STRANGE/nad_convos_high/run_nad_convos_high_7.5MSUN_z0.0105
0.011,7.5,2,1053446.0328136012,49593303.76153032,50646749.79434392,49593303.76153032,50646749.79434392,1053446.0328136012,1053446.0328136012,/home/tnd/mesa-r23.05.1/STRANGE/nad_convos_high/run_nad_convos_high_7.5MSUN_z0.0110
0.0115,7.5,2,1047307.7750118002,49788306.76598909,50835614.54100089,49788306.76598909,50835614.54100089,1047307.7750118002,1047307.7750118002,/home/tnd/mesa-r23.05.1/STRANGE/nad_convos_high/run_nad_convos_high_7.5MSUN_z0.0115
0.012,7.5,2,1052238.7163314521,49992960.99619849,51045199.71252994,49992960.99619849,51045199.71252994,1052238.7163314521,1052238.7163314521,/home/tnd/mesa-r23.05.1/STRANGE/nad_convos_high/run_nad_convos_high_7.5MSUN_z0.0120
0.0125,7.5,2,1045238.3620936051,50186714.97981708,51231953.34191068,50186714.97981708,51231953.34191068,1045238.3620936051,1045238.3620936051,/home/tnd/mesa-r23.05.1/STRANGE/nad_convos_high/run_nad_convos_high_7.5MSUN_z0.0125
0.013,7.5,2,1065145.5306542516,50364298.945760936,51429444.47641519,50364298.945760936,51429444.47641519,1065145.5306542516,1065145.5306542516,/home/tnd/mesa-r23.05.1/STRANGE/nad_convos_high/run_nad_convos_high_7.5MSUN_z0.0130
0.0135,7.5,2,1055309.197866805,50578059.670308106,51633368.86817491,50578059.670308106,51633368.86817491,1055309.197866805,1055309.197866805,/home/tnd/mesa-r23.05.1/STRANGE/nad_convos_high/run_nad_convos_high_7.5MSUN_z0.0135
0.014,7.5,2,1059106.7819577605,50772618.7274269,51831725.50938466,50772618.7274269,51831725.50938466,1059106.7819577605,1059106.7819577605,/home/tnd/mesa-r23.05.1/STRANGE/nad_convos_high/run_nad_convos_high_7.5MSUN_z0.0140
0.0145,7.5,2,1041602.2162518948,50975328.01130288,52016930.227554776,50975328.01130288,52016930.227554776,1041602.2162518948,1041602.2162518948,/home/tnd/mesa-r23.05.1/STRANGE/nad_convos_high/run_nad_convos_high_7.5MSUN_z0.0145
0.015,7.5,2,998819.3558145389,51201143.19557387,52199962.551388405,51201143.19557387,52199962.551388405,998819.3558145389,998819.3558145389,/home/tnd/mesa-r23.05.1/STRANGE/nad_convos_high/run_nad_convos_high_7.5MSUN_z0.0150
0.0155,7.5,2,1009825.1422828734,51385429.50519239,52395254.647475265,51385429.50519239,52395254.647475265,1009825.1422828734,1009825.1422828734,/home/tnd/mesa-r23.05.1/STRANGE/nad_convos_high/run_nad_convos_high_7.5MSUN_z0.0155
0.016,7.5,2,966716.9310675263,51607917.43441312,52574634.36548065,51607917.43441312,52574634.36548065,966716.9310675263,966716.9310675263,/home/tnd/mesa-r23.05.1/STRANGE/nad_convos_high/run_nad_convos_high_7.5MSUN_z0.0160
0.0165,7.5,2,927560.8215701431,51822992.10395553,52750552.92552567,51822992.10395553,52750552.92552567,927560.8215701431,927560.8215701431,/home/tnd/mesa-r23.05.1/STRANGE/nad_convos_high/run_nad_convos_high_7.5MSUN_z0.0165
0.017,7.5,2,897951.9194342345,52022722.36070214,52920674.28013638,52022722.36070214,52920674.28013638,897951.9194342345,897951.9194342345,/home/tnd/mesa-r23.05.1/STRANGE/nad_convos_high/run_nad_convos_high_7.5MSUN_z0.0170
0.0175,7.5,2,872471.7624231353,52226247.59178807,53098719.354211204,52226247.59178807,53098719.354211204,872471.7624231353,872471.7624231353,/home/tnd/mesa-r23.05.1/STRANGE/nad_convos_high/run_nad_convos_high_7.5MSUN_z0.0175
0.018,7.5,2,811475.5217288285,52452033.86532811,53263509.38705694,52452033.86532811,53263509.38705694,811475.5217288285,811475.5217288285,/home/tnd/mesa-r23.05.1/STRANGE/nad_convos_high/run_nad_convos_high_7.5MSUN_z0.0180
0.0185,7.5,2,772493.2123234347,52658281.68542046,53430774.897743896,52658281.68542046,53430774.897743896,772493.2123234347,772493.2123234347,/home/tnd/mesa-r23.05.1/STRANGE/nad_convos_high/run_nad_convos_high_7.5MSUN_z0.0185
0.019,7.5,2,693116.9658913612,52889123.93551086,53582240.90140222,52889123.93551086,53582240.90140222,693116.9658913612,693116.9658913612,/home/tnd/mesa-r23.05.1/STRANGE/nad_convos_high/run_nad_convos_high_7.5MSUN_z0.0190
0.0195,7.5,2,628194.8837740347,53103040.29895494,53731235.182728976,53103040.29895494,53731235.182728976,628194.8837740347,628194.8837740347,/home/tnd/mesa-r23.05.1/STRANGE/nad_convos_high/run_nad_convos_high_7.5MSUN_z0.0195
0.02,7.5,1,563486.4505925924,53316136.18194502,53879622.63253761,53316136.18194502,53879622.63253761,563486.4505925924,563486.4505925924,/home/tnd/mesa-r23.05.1/STRANGE/nad_convos_high/run_nad_convos_high_7.5MSUN_z0.0200
0.0015,8.0,2,1285285.6038145944,38479229.83134098,39764515.43515558,38479229.83134098,39764515.43515558,1285285.6038145944,1285285.6038145944,/home/tnd/mesa-r23.05.1/STRANGE/nad_convos_high/run_nad_convos_high_8.0MSUN_z0.0015
0.002,8.0,2,936761.8843754232,39100614.078310974,40037375.9626864,39100614.078310974,40037375.9626864,936761.8843754232,936761.8843754232,/home/tnd/mesa-r23.05.1/STRANGE/nad_convos_high/run_nad_convos_high_8.0MSUN_z0.0020
0.0025,8.0,2,600899.9532673582,39634322.98999125,40235222.943258606,39634322.98999125,40235222.943258606,600899.9532673582,600899.9532673582,/home/tnd/mesa-r23.05.1/STRANGE/nad_convos_high/run_nad_convos_high_8.0MSUN_z0.0025
0.006,8.0,1,421409.8413183838,41717723.2400044,42139133.08132278,41717723.2400044,42139133.08132278,421409.8413183838,421409.8413183838,/home/tnd/mesa-r23.05.1/STRANGE/nad_convos_high/run_nad_convos_high_8.0MSUN_z0.0060
0.0065,8.0,2,637339.6381052956,41858272.153682016,42495611.79178731,41858272.153682016,42495611.79178731,637339.6381052956,637339.6381052956,/home/tnd/mesa-r23.05.1/STRANGE/nad_convos_high/run_nad_convos_high_8.0MSUN_z0.0065
0.007,8.0,2,725957.8878709674,42028010.320664056,42753968.20853502,42028010.320664056,42753968.20853502,725957.8878709674,725957.8878709674,/home/tnd/mesa-r23.05.1/STRANGE/nad_convos_high/run_nad_convos_high_8.0MSUN_z0.0070
0.0075,8.0,2,782219.9728073254,42240042.184437305,43022262.15724463,42240042.184437305,43022262.15724463,782219.9728073254,782219.9728073254,/home/tnd/mesa-r23.05.1/STRANGE/nad_convos_high/run_nad_convos_high_8.0MSUN_z0.0075
0.008,8.0,2,821658.9087331742,42424310.30056054,43245969.209293716,42424310.30056054,43245969.209293716,821658.9087331742,821658.9087331742,/home/tnd/mesa-r23.05.1/STRANGE/nad_convos_high/run_nad_convos_high_8.0MSUN_z0.0080
0.0085,8.0,2,850173.3439438045,42623550.61855563,43473723.96249943,42623550.61855563,43473723.96249943,850173.3439438045,850173.3439438045,/home/tnd/mesa-r23.05.1/STRANGE/nad_convos_high/run_nad_convos_high_8.0MSUN_z0.0085
0.009,8.0,2,857380.2054003328,42833588.40280067,43690968.608201005,42833588.40280067,43690968.608201005,857380.2054003328,857380.2054003328,/home/tnd/mesa-r23.05.1/STRANGE/nad_convos_high/run_nad_convos_high_8.0MSUN_z0.0090
0.0095,8.0,2,858293.8679592162,43031401.75661015,43889695.624569364,43031401.75661015,43889695.624569364,858293.8679592162,858293.8679592162,/home/tnd/mesa-r23.05.1/STRANGE/nad_convos_high/run_nad_convos_high_8.0MSUN_z0.0095
0.01,8.0,2,859009.8636031747,43248873.40888497,44107883.27248815,43248873.40888497,44107883.27248815,859009.8636031747,859009.8636031747,/home/tnd/mesa-r23.05.1/STRANGE/nad_convos_high/run_nad_convos_high_8.0MSUN_z0.0100
0.0105,8.0,2,868524.2352262735,43409234.54506311,44277758.78028938,43409234.54506311,44277758.78028938,868524.2352262735,868524.2352262735,/home/tnd/mesa-r23.05.1/STRANGE/nad_convos_high/run_nad_convos_high_8.0MSUN_z0.0105
0.011,8.0,2,861514.9384565875,43560019.81798642,44421534.75644301,43560019.81798642,44421534.75644301,861514.9384565875,861514.9384565875,/home/tnd/mesa-r23.05.1/STRANGE/nad_convos_high/run_nad_convos_high_8.0MSUN_z0.0110
0.0115,8.0,2,867899.7741045356,43708560.31597385,44576460.09007838,43708560.31597385,44576460.09007838,867899.7741045356,867899.7741045356,/home/tnd/mesa-r23.05.1/STRANGE/nad_convos_high/run_nad_convos_high_8.0MSUN_z0.0115
0.012,8.0,2,884643.5357648879,43859956.96108241,44744600.496847294,43859956.96108241,44744600.496847294,884643.5357648879,884643.5357648879,/home/tnd/mesa-r23.05.1/STRANGE/nad_convos_high/run_nad_convos_high_8.0MSUN_z0.0120
0.0125,8.0,2,885245.2511653379,44020801.50089707,44906046.75206241,44020801.50089707,44906046.75206241,885245.2511653379,885245.2511653379,/home/tnd/mesa-r23.05.1/STRANGE/nad_convos_high/run_nad_convos_high_8.0MSUN_z0.0125
0.013,8.0,2,875113.7165774629,44178326.334212884,45053440.05079035,44178326.334212884,45053440.05079035,875113.7165774629,875113.7165774629,/home/tnd/mesa-r23.05.1/STRANGE/nad_convos_high/run_nad_convos_high_8.0MSUN_z0.0130
0.0135,8.0,2,888728.0101380125,44316403.24441449,45205131.254552506,44316403.24441449,45205131.254552506,888728.0101380125,888728.0101380125,/home/tnd/mesa-r23.05.1/STRANGE/nad_convos_high/run_nad_convos_high_8.0MSUN_z0.0135
0.014,8.0,2,880345.1789517403,44474637.44008925,45354982.61904099,44474637.44008925,45354982.61904099,880345.1789517403,880345.1789517403,/home/tnd/mesa-r23.05.1/STRANGE/nad_convos_high/run_nad_convos_high_8.0MSUN_z0.0140
0.0145,8.0,2,879307.848524496,44637545.64524654,45516853.49377104,44637545.64524654,45516853.49377104,879307.848524496,879307.848524496,/home/tnd/mesa-r23.05.1/STRANGE/nad_convos_high/run_nad_convos_high_8.0MSUN_z0.0145
0.015,8.0,2,864575.1317994595,44809662.68227307,45674237.81407253,44809662.68227307,45674237.81407253,864575.1317994595,864575.1317994595,/home/tnd/mesa-r23.05.1/STRANGE/nad_convos_high/run_nad_convos_high_8.0MSUN_z0.0150
0.0155,8.0,2,849535.7286064327,44975424.30131987,45824960.0299263,44975424.30131987,45824960.0299263,849535.7286064327,849535.7286064327,/home/tnd/mesa-r23.05.1/STRANGE/nad_convos_high/run_nad_convos_high_8.0MSUN_z0.0155
0.016,8.0,2,826572.790882267,45134811.3645844,45961384.15546667,45134811.3645844,45961384.15546667,826572.790882267,826572.790882267,/home/tnd/mesa-r23.05.1/STRANGE/nad_convos_high/run_nad_convos_high_8.0MSUN_z0.0160
0.0165,8.0,2,810177.2437218651,45302322.1961019,46112499.43982376,45302322.1961019,46112499.43982376,810177.2437218651,810177.2437218651,/home/tnd/mesa-r23.05.1/STRANGE/nad_convos_high/run_nad_convos_high_8.0MSUN_z0.0165
0.017,8.0,2,785135.166822873,45464944.12685217,46250079.29367504,45464944.12685217,46250079.29367504,785135.166822873,785135.166822873,/home/tnd/mesa-r23.05.1/STRANGE/nad_convos_high/run_nad_convos_high_8.0MSUN_z0.0170
0.0175,8.0,2,758578.5360093415,45624467.835048646,46383046.37105799,45624467.835048646,46383046.37105799,758578.5360093415,758578.5360093415,/home/tnd/mesa-r23.05.1/STRANGE/nad_convos_high/run_nad_convos_high_8.0MSUN_z0.0175
0.018,8.0,2,733192.3296571374,45792832.1363773,46526024.466034435,45792832.1363773,46526024.466034435,733192.3296571374,733192.3296571374,/home/tnd/mesa-r23.05.1/STRANGE/nad_convos_high/run_nad_convos_high_8.0MSUN_z0.0180
0.0185,8.0,2,694797.1103717834,45962019.422503866,46656816.53287565,45962019.422503866,46656816.53287565,694797.1103717834,694797.1103717834,/home/tnd/mesa-r23.05.1/STRANGE/nad_convos_high/run_nad_convos_high_8.0MSUN_z0.0185
0.019,8.0,2,661059.9152269289,46135037.237633675,46796097.152860604,46135037.237633675,46796097.152860604,661059.9152269289,661059.9152269289,/home/tnd/mesa-r23.05.1/STRANGE/nad_convos_high/run_nad_convos_high_8.0MSUN_z0.0190
0.0195,8.0,2,606158.3751053959,46309223.97386225,46915382.34896765,46309223.97386225,46915382.34896765,606158.3751053959,606158.3751053959,/home/tnd/mesa-r23.05.1/STRANGE/nad_convos_high/run_nad_convos_high_8.0MSUN_z0.0195
0.02,8.0,2,561908.1903177574,46486095.76144921,47048003.95176697,46486095.76144921,47048003.95176697,561908.1903177574,561908.1903177574,/home/tnd/mesa-r23.05.1/STRANGE/nad_convos_high/run_nad_convos_high_8.0MSUN_z0.0200
0.0015,8.5,2,1164972.0625395775,34475901.086599424,35640873.149139,34475901.086599424,35640873.149139,1164972.0625395775,1164972.0625395775,/home/tnd/mesa-r23.05.1/STRANGE/nad_convos_high/run_nad_convos_high_8.5MSUN_z0.0015
0.002,8.5,2,825781.259781532,35013099.259582914,35838880.51936445,35013099.259582914,35838880.51936445,825781.259781532,825781.259781532,/home/tnd/mesa-r23.05.1/STRANGE/nad_convos_high/run_nad_convos_high_8.5MSUN_z0.0020
0.0025,8.5,2,504004.80137925595,35490063.21967192,35994068.021051176,35490063.21967192,35994068.021051176,504004.80137925595,504004.80137925595,/home/tnd/mesa-r23.05.1/STRANGE/nad_convos_high/run_nad_convos_high_8.5MSUN_z0.0025
0.0075,8.5,2,469909.518875286,37735595.045826934,38205504.56470222,37735595.045826934,38205504.56470222,469909.518875286,469909.518875286,/home/tnd/mesa-r23.05.1/STRANGE/nad_convos_high/run_nad_convos_high_8.5MSUN_z0.0075
0.008,8.5,2,541396.8370238468,37887439.48892998,38428836.32595383,37887439.48892998,38428836.32595383,541396.8370238468,541396.8370238468,/home/tnd/mesa-r23.05.1/STRANGE/nad_convos_high/run_nad_convos_high_8.5MSUN_z0.0080
0.0085,8.5,2,631857.4201441854,38013424.41757053,38645281.83771472,38013424.41757053,38645281.83771472,631857.4201441854,631857.4201441854,/home/tnd/mesa-r23.05.1/STRANGE/nad_convos_high/run_nad_convos_high_8.5MSUN_z0.0085
0.009,8.5,2,650825.4264369309,38184276.24787668,38835101.67431361,38184276.24787668,38835101.67431361,650825.4264369309,650825.4264369309,/home/tnd/mesa-r23.05.1/STRANGE/nad_convos_high/run_nad_convos_high_8.5MSUN_z0.0090
0.0095,8.5,2,680174.9401632622,38323909.27754623,39004084.21770949,38323909.27754623,39004084.21770949,680174.9401632622,680174.9401632622,/home/tnd/mesa-r23.05.1/STRANGE/nad_convos_high/run_nad_convos_high_8.5MSUN_z0.0095
0.01,8.5,2,679066.0850523189,38494183.87501643,39173249.96006875,38494183.87501643,39173249.96006875,679066.0850523189,679066.0850523189,/home/tnd/mesa-r23.05.1/STRANGE/nad_convos_high/run_nad_convos_high_8.5MSUN_z0.0100
0.0105,8.5,2,690215.7544384748,38620407.976124786,39310623.73056326,38620407.976124786,39310623.73056326,690215.7544384748,690215.7544384748,/home/tnd/mesa-r23.05.1/STRANGE/nad_convos_high/run_nad_convos_high_8.5MSUN_z0.0105
0.011,8.5,2,709351.8432586119,38725041.3225515,39434393.16581011,38725041.3225515,39434393.16581011,709351.8432586119,709351.8432586119,/home/tnd/mesa-r23.05.1/STRANGE/nad_convos_high/run_nad_convos_high_8.5MSUN_z0.0110
0.0115,8.5,2,708777.2097820789,38834295.10445159,39543072.31423367,38834295.10445159,39543072.31423367,708777.2097820789,708777.2097820789,/home/tnd/mesa-r23.05.1/STRANGE/nad_convos_high/run_nad_convos_high_8.5MSUN_z0.0115
0.012,8.5,2,717412.6640414074,38945971.85974269,39663384.5237841,38945971.85974269,39663384.5237841,717412.6640414074,717412.6640414074,/home/tnd/mesa-r23.05.1/STRANGE/nad_convos_high/run_nad_convos_high_8.5MSUN_z0.0120
0.0125,8.5,2,727703.8305075243,39061331.75451811,39789035.58502563,39061331.75451811,39789035.58502563,727703.8305075243,727703.8305075243,/home/tnd/mesa-r23.05.1/STRANGE/nad_convos_high/run_nad_convos_high_8.5MSUN_z0.0125
0.013,8.5,2,717812.0868673846,39192409.180974945,39910221.26784233,39192409.180974945,39910221.26784233,717812.0868673846,717812.0868673846,/home/tnd/mesa-r23.05.1/STRANGE/nad_convos_high/run_nad_convos_high_8.5MSUN_z0.0130
0.0135,8.5,2,722931.1557370797,39316532.321627766,40039463.477364846,39316532.321627766,40039463.477364846,722931.1557370797,722931.1557370797,/home/tnd/mesa-r23.05.1/STRANGE/nad_convos_high/run_nad_convos_high_8.5MSUN_z0.0135
0.014,8.5,2,719335.148889795,39435811.52564909,40155146.67453889,39435811.52564909,40155146.67453889,719335.148889795,719335.148889795,/home/tnd/mesa-r23.05.1/STRANGE/nad_convos_high/run_nad_convos_high_8.5MSUN_z0.0140
0.0145,8.5,2,718902.3671338111,39562821.68854124,40281724.05567505,39562821.68854124,40281724.05567505,718902.3671338111,718902.3671338111,/home/tnd/mesa-r23.05.1/STRANGE/nad_convos_high/run_nad_convos_high_8.5MSUN_z0.0145
0.015,8.5,2,712522.1917210594,39694276.9380057,40406799.12972676,39694276.9380057,40406799.12972676,712522.1917210594,712522.1917210594,/home/tnd/mesa-r23.05.1/STRANGE/nad_convos_high/run_nad_convos_high_8.5MSUN_z0.0150
0.0155,8.5,2,686682.519950971,39838528.417960905,40525210.937911876,39838528.417960905,40525210.937911876,686682.519950971,686682.519950971,/home/tnd/mesa-r23.05.1/STRANGE/nad_convos_high/run_nad_convos_high_8.5MSUN_z0.0155
0.016,8.5,2,679696.3666549698,39954389.76592193,40634086.1325769,39954389.76592193,40634086.1325769,679696.3666549698,679696.3666549698,/home/tnd/mesa-r23.05.1/STRANGE/nad_convos_high/run_nad_convos_high_8.5MSUN_z0.0160
0.0165,8.5,2,665061.0073797852,40091310.16076831,40756371.16814809,40091310.16076831,40756371.16814809,665061.0073797852,665061.0073797852,/home/tnd/mesa-r23.05.1/STRANGE/nad_convos_high/run_nad_convos_high_8.5MSUN_z0.0165
0.017,8.5,2,642444.999933362,40223883.57435436,40866328.57428772,40223883.57435436,40866328.57428772,642444.999933362,642444.999933362,/home/tnd/mesa-r23.05.1/STRANGE/nad_convos_high/run_nad_convos_high_8.5MSUN_z0.0170
0.0175,8.5,2,613936.9387759045,40367454.67306617,40981391.61184207,40367454.67306617,40981391.61184207,613936.9387759045,613936.9387759045,/home/tnd/mesa-r23.05.1/STRANGE/nad_convos_high/run_nad_convos_high_8.5MSUN_z0.0175
0.018,8.5,2,614973.83395347,40479568.682187445,41094542.516140915,40479568.682187445,41094542.516140915,614973.83395347,614973.83395347,/home/tnd/mesa-r23.05.1/STRANGE/nad_convos_high/run_nad_convos_high_8.5MSUN_z0.0180
0.0185,8.5,2,557018.5498292297,40636055.148887515,41193073.698716745,40636055.148887515,41193073.698716745,557018.5498292297,557018.5498292297,/home/tnd/mesa-r23.05.1/STRANGE/nad_convos_high/run_nad_convos_high_8.5MSUN_z0.0185
0.019,8.5,2,534080.0911051482,40772546.097138725,41306626.18824387,40772546.097138725,41306626.18824387,534080.0911051482,534080.0911051482,/home/tnd/mesa-r23.05.1/STRANGE/nad_convos_high/run_nad_convos_high_8.5MSUN_z0.0190
0.0195,8.5,2,497891.0109116286,40909050.76884401,41406941.77975564,40909050.76884401,41406941.77975564,497891.0109116286,497891.0109116286,/home/tnd/mesa-r23.05.1/STRANGE/nad_convos_high/run_nad_convos_high_8.5MSUN_z0.0195
0.02,8.5,2,468081.5350356549,41053564.89623496,41521646.431270614,41053564.89623496,41521646.431270614,468081.5350356549,468081.5350356549,/home/tnd/mesa-r23.05.1/STRANGE/nad_convos_high/run_nad_convos_high_8.5MSUN_z0.0200
0.0015,9.0,2,1043992.3671642058,31164864.457323186,32208856.82448739,31164864.457323186,32208856.82448739,1043992.3671642058,1043992.3671642058,/home/tnd/mesa-r23.05.1/STRANGE/nad_convos_high/run_nad_convos_high_9.0MSUN_z0.0015
0.002,9.0,2,718557.5140501782,31648769.593431056,32367327.107481234,31648769.593431056,32367327.107481234,718557.5140501782,718557.5140501782,/home/tnd/mesa-r23.05.1/STRANGE/nad_convos_high/run_nad_convos_high_9.0MSUN_z0.0020
0.0025,9.0,2,299563.4275051914,32148028.401371233,32447591.828876425,32148028.401371233,32447591.828876425,299563.4275051914,299563.4275051914,/home/tnd/mesa-r23.05.1/STRANGE/nad_convos_high/run_nad_convos_high_9.0MSUN_z0.0025
0.0095,9.0,2,387500.5638735518,34596358.66035895,34983859.2242325,34596358.66035895,34983859.2242325,387500.5638735518,387500.5638735518,/home/tnd/mesa-r23.05.1/STRANGE/nad_convos_high/run_nad_convos_high_9.0MSUN_z0.0095
0.01,9.0,2,402934.6631118357,34726163.87127036,35129098.534382194,34726163.87127036,35129098.534382194,402934.6631118357,402934.6631118357,/home/tnd/mesa-r23.05.1/STRANGE/nad_convos_high/run_nad_convos_high_9.0MSUN_z0.0100
0.0105,9.0,2,518462.3485496044,34722842.38182746,35241304.73037706,34722842.38182746,35241304.73037706,518462.3485496044,518462.3485496044,/home/tnd/mesa-r23.05.1/STRANGE/nad_convos_high/run_nad_convos_high_9.0MSUN_z0.0105
0.011,9.0,2,523845.8990254253,34814482.76041209,35338328.659437515,34814482.76041209,35338328.659437515,523845.8990254253,523845.8990254253,/home/tnd/mesa-r23.05.1/STRANGE/nad_convos_high/run_nad_convos_high_9.0MSUN_z0.0110
0.0115,9.0,2,541260.3460864723,34900475.3431741,35441735.68926057,34900475.3431741,35441735.68926057,541260.3460864723,541260.3460864723,/home/tnd/mesa-r23.05.1/STRANGE/nad_convos_high/run_nad_convos_high_9.0MSUN_z0.0115
0.012,9.0,2,532482.7729582489,35009103.792444184,35541586.56540243,35009103.792444184,35541586.56540243,532482.7729582489,532482.7729582489,/home/tnd/mesa-r23.05.1/STRANGE/nad_convos_high/run_nad_convos_high_9.0MSUN_z0.0120
0.0125,9.0,2,543136.8908827528,35080899.70938543,35624036.600268185,35080899.70938543,35624036.600268185,543136.8908827528,543136.8908827528,/home/tnd/mesa-r23.05.1/STRANGE/nad_convos_high/run_nad_convos_high_9.0MSUN_z0.0125
0.013,9.0,2,531134.7847415358,35194408.53555634,35725543.320297875,35194408.53555634,35725543.320297875,531134.7847415358,531134.7847415358,/home/tnd/mesa-r23.05.1/STRANGE/nad_convos_high/run_nad_convos_high_9.0MSUN_z0.0130
0.0135,9.0,2,558818.3196859509,35260883.59283415,35819701.9125201,35260883.59283415,35819701.9125201,558818.3196859509,558818.3196859509,/home/tnd/mesa-r23.05.1/STRANGE/nad_convos_high/run_nad_convos_high_9.0MSUN_z0.0135
0.014,9.0,2,564457.6520805284,35345676.57665708,35910134.22873761,35345676.57665708,35910134.22873761,564457.6520805284,564457.6520805284,/home/tnd/mesa-r23.05.1/STRANGE/nad_convos_high/run_nad_convos_high_9.0MSUN_z0.0140
0.0145,9.0,2,518877.95223071426,35496308.29573452,36015186.24796523,35496308.29573452,36015186.24796523,518877.95223071426,518877.95223071426,/home/tnd/mesa-r23.05.1/STRANGE/nad_convos_high/run_nad_convos_high_9.0MSUN_z0.0145
0.015,9.0,2,535115.6189022586,35573353.68940136,36108469.30830362,35573353.68940136,36108469.30830362,535115.6189022586,535115.6189022586,/home/tnd/mesa-r23.05.1/STRANGE/nad_convos_high/run_nad_convos_high_9.0MSUN_z0.0150
0.0155,9.0,2,550667.7889868766,35658465.73167897,36209133.52066585,35658465.73167897,36209133.52066585,550667.7889868766,550667.7889868766,/home/tnd/mesa-r23.05.1/STRANGE/nad_convos_high/run_nad_convos_high_9.0MSUN_z0.0155
0.016,9.0,2,512114.25421474874,35788928.848705135,36301043.102919884,35788928.848705135,36301043.102919884,512114.25421474874,512114.25421474874,/home/tnd/mesa-r23.05.1/STRANGE/nad_convos_high/run_nad_convos_high_9.0MSUN_z0.0160
0.0165,9.0,2,522747.5051128566,35867641.71181462,36390389.216927476,35867641.71181462,36390389.216927476,522747.5051128566,522747.5051128566,/home/tnd/mesa-r23.05.1/STRANGE/nad_convos_high/run_nad_convos_high_9.0MSUN_z0.0165
0.017,9.0,2,491786.2276219353,35990364.9466388,36482151.174260736,35990364.9466388,36482151.174260736,491786.2276219353,491786.2276219353,/home/tnd/mesa-r23.05.1/STRANGE/nad_convos_high/run_nad_convos_high_9.0MSUN_z0.0170
0.0175,9.0,2,488958.58176556975,36084695.32093077,36573653.90269634,36084695.32093077,36573653.90269634,488958.58176556975,488958.58176556975,/home/tnd/mesa-r23.05.1/STRANGE/nad_convos_high/run_nad_convos_high_9.0MSUN_z0.0175
0.018,9.0,2,455196.32242941856,36207391.355325006,36662587.677754425,36207391.355325006,36662587.677754425,455196.32242941856,455196.32242941856,/home/tnd/mesa-r23.05.1/STRANGE/nad_convos_high/run_nad_convos_high_9.0MSUN_z0.0180
0.0185,9.0,2,392995.3801531866,36364018.53911464,36757013.919267826,36364018.53911464,36757013.919267826,392995.3801531866,392995.3801531866,/home/tnd/mesa-r23.05.1/STRANGE/nad_convos_high/run_nad_convos_high_9.0MSUN_z0.0185
0.019,9.0,2,391700.34445618093,36453436.401873074,36845136.746329255,36453436.401873074,36845136.746329255,391700.34445618093,391700.34445618093,/home/tnd/mesa-r23.05.1/STRANGE/nad_convos_high/run_nad_convos_high_9.0MSUN_z0.0190
0.0195,9.0,2,367673.2697948441,36570346.87057064,36938020.14036548,36570346.87057064,36938020.14036548,367673.2697948441,367673.2697948441,/home/tnd/mesa-r23.05.1/STRANGE/nad_convos_high/run_nad_convos_high_9.0MSUN_z0.0195
0.02,9.0,2,358960.9104476124,36652989.86639474,37011950.776842356,36652989.86639474,37011950.776842356,358960.9104476124,358960.9104476124,/home/tnd/mesa-r23.05.1/STRANGE/nad_convos_high/run_nad_convos_high_9.0MSUN_z0.0200
0.0015,9.5,2,936714.2902417071,28398785.835261937,29335500.125503644,28398785.835261937,29335500.125503644,936714.2902417071,936714.2902417071,/home/tnd/mesa-r23.05.1/STRANGE/nad_convos_high/run_nad_convos_high_9.5MSUN_z0.0015
0.002,9.5,2,613362.0853913352,28835874.173099328,29449236.258490663,28835874.173099328,29449236.258490663,613362.0853913352,613362.0853913352,/home/tnd/mesa-r23.05.1/STRANGE/nad_convos_high/run_nad_convos_high_9.5MSUN_z0.0020
0.016,9.5,2,250569.28887246922,32494918.804624893,32745488.093497362,32494918.804624893,32745488.093497362,250569.28887246922,250569.28887246922,/home/tnd/mesa-r23.05.1/STRANGE/nad_convos_high/run_nad_convos_high_9.5MSUN_z0.0160
0.0165,9.5,2,315749.4115096405,32494418.576094013,32810167.987603653,32494418.576094013,32810167.987603653,315749.4115096405,315749.4115096405,/home/tnd/mesa-r23.05.1/STRANGE/nad_convos_high/run_nad_convos_high_9.5MSUN_z0.0165
0.017,9.5,2,248817.0116306506,32649833.52632243,32898650.537953082,32649833.52632243,32898650.537953082,248817.0116306506,248817.0116306506,/home/tnd/mesa-r23.05.1/STRANGE/nad_convos_high/run_nad_convos_high_9.5MSUN_z0.0170
0.0175,9.5,2,241759.8096982576,32729732.53990866,32971492.349606916,32729732.53990866,32971492.349606916,241759.8096982576,241759.8096982576,/home/tnd/mesa-r23.05.1/STRANGE/nad_convos_high/run_nad_convos_high_9.5MSUN_z0.0175
0.002,10.0,1,1890.465755648911,26964352.241214316,26966242.706969965,26964352.241214316,26966242.706969965,1890.465755648911,1890.465755648911,/home/tnd/mesa-r23.05.1/STRANGE/nad_convos_high/run_nad_convos_high_10.0MSUN_z0.0020
